type_chaussure,prix,adresse,image_link
Chaussures Nike Jordan,18.000,"Colobane, Dakar, Sénégal",https://images.coinafrique.com/thumb_5179175_uploaded_image1_1739198783.jpg
Chaussures  Air Jordan,25.000,"Colobane, Dakar, Sénégal",https://images.coinafrique.com/thumb_5179168_uploaded_image1_1739198279.jpg
Chaussures Nike Air,22.000,"Colobane, Dakar, Sénégal",https://images.coinafrique.com/thumb_5179104_uploaded_image1_1739196241.jpg
Chaussures Parada Milano,16.000,"Colobane, Dakar, Sénégal",https://images.coinafrique.com/thumb_5177848_uploaded_image1_1739130539.jpg
Baskets Adidas,15.000,"Colobane, Dakar, Sénégal",https://images.coinafrique.com/thumb_5177843_uploaded_image1_1739130312.jpg
Chaussures Louis Vuitton,40.000,"Fass, Dakar, Sénégal",https://images.coinafrique.com/thumb_5140176_uploaded_image1_1737136642.jpg
Chaussures homme,20.000,"Fass, Dakar, Sénégal",https://images.coinafrique.com/thumb_5129157_uploaded_image1_1736533953.jpg
Chaussures bottes moto,30.000,"Sicap Liberté, Dakar, Sénégal",https://images.coinafrique.com/thumb_5176998_uploaded_image1_1739057835.jpg
Chaussures Dior b30,30.000,"Dakar, Sénégal",https://images.coinafrique.com/thumb_5176593_uploaded_image1_1739030967.jpg
Tout terrain,20.000,"Dakar Plateau, Dakar, Sénégal",https://images.coinafrique.com/thumb_5145823_uploaded_image1_1737473366.jpg
Chaussures de ville,15.000,"Dakar Plateau, Dakar, Sénégal",https://images.coinafrique.com/thumb_5145826_uploaded_image1_1737473583.jpg
chaussure ouverte,20.000,"Dakar Plateau, Dakar, Sénégal",https://images.coinafrique.com/thumb_5145127_uploaded_image1_1737450607.jpg
mocassin alden,18.000,"Dakar Plateau, Dakar, Sénégal",https://images.coinafrique.com/thumb_5145122_uploaded_image1_1737450413.jpg
mocassin classique,15.000,"Dakar Plateau, Dakar, Sénégal",https://images.coinafrique.com/thumb_5145116_uploaded_image1_1737450247.jpg
Mocassin pierre cardin,10.000,"Dakar Plateau, Dakar, Sénégal",https://images.coinafrique.com/thumb_5144361_uploaded_image1_1737399759.jpg
Chaussures Jordan 11,10.000,"Keur Massar, Sénégal",https://images.coinafrique.com/thumb_5175476_uploaded_image1_1738955928.jpg
Chaussures en cuir,25.000,"Dakar, Sénégal",https://images.coinafrique.com/thumb_5149739_uploaded_image1_1737648314.jpg
Sandales Gucci,15.000,"Colobane, Dakar, Sénégal",https://images.coinafrique.com/thumb_5127678_uploaded_image1_1736452468.jpg
Sandales Gucci,15.000,"Colobane, Dakar, Sénégal",https://images.coinafrique.com/thumb_5127684_uploaded_image1_1736452819.jpg
Sandales Burbery,15.000,"Colobane, Dakar, Sénégal",https://images.coinafrique.com/thumb_5127688_uploaded_image1_1736452967.jpg
Chaussures homme,30.000,"Sacré-Coeur, Dakar, Sénégal",https://images.coinafrique.com/thumb_5172099_uploaded_image1_1738792469.jpg
Chaussures Daim,15.000,"Grand Yoff, Dakar, Sénégal",https://images.coinafrique.com/thumb_5171907_uploaded_image1_1738783067.jpg
Chaussures Berluti,22.000,"Grand Yoff, Dakar, Sénégal",https://images.coinafrique.com/thumb_5171903_uploaded_image1_1738782841.jpg
Chaussures Berluti,22.000,"Grand Yoff, Dakar, Sénégal",https://images.coinafrique.com/thumb_5171902_uploaded_image1_1738782763.jpg
Chaussures homme,22.000,"Grand Yoff, Dakar, Sénégal",https://images.coinafrique.com/thumb_5171892_uploaded_image1_1738782485.jpg
Chaussures homme,25.000,"Grand Yoff, Dakar, Sénégal",https://images.coinafrique.com/thumb_5171888_uploaded_image1_1738782369.jpg
Chaussures homme,20.000,"Yoff, Dakar, Sénégal",https://images.coinafrique.com/thumb_5171845_uploaded_image1_1738780968.jpg
Chaussures fermées,10.000,"Dakar, Sénégal",https://images.coinafrique.com/thumb_5171780_uploaded_image1_1738777579.jpg
Chaussures hommes,15.000,"Dakar, Sénégal",https://images.coinafrique.com/thumb_5169941_uploaded_image1_1738689816.jpg
Sneakers New Balance 9060,40.000,"Grand Dakar, Dakar, Sénégal",https://images.coinafrique.com/thumb_5168368_uploaded_image1_1738628934.jpg
Chaussures orthopédiques en cuir,Prix.sur.demande,"Guediawaye, Dakar, Sénégal",https://images.coinafrique.com/thumb_5166529_uploaded_image2_1738570827.jpeg
Chaussures homme,25.000,"Dakar, Sénégal",https://images.coinafrique.com/thumb_5165863_uploaded_image1_1738523413.jpg
Chaussures homme,12.000,"Dakar, Sénégal",https://images.coinafrique.com/thumb_5165861_uploaded_image1_1738523279.jpg
Chaussures homme,25.000,"Dakar, Sénégal",https://images.coinafrique.com/thumb_5165858_uploaded_image1_1738523003.jpg
Chaussures homme,13.000,"Dakar, Sénégal",https://images.coinafrique.com/thumb_5165856_uploaded_image1_1738522870.jpg
Chaussures hommes,15.000,"Dakar, Sénégal",https://images.coinafrique.com/thumb_5165752_uploaded_image1_1738519170.jpg
Chaussures hommes,12.000,"Diamalaye 1, Dakar, Sénégal",https://images.coinafrique.com/thumb_5165685_uploaded_image1_1738516030.jpg
Chaussures hommes,15.000,"Diamalaye 1, Dakar, Sénégal",https://images.coinafrique.com/thumb_5165588_uploaded_image1_1738510508.jpg
Chaussures hommes,15.000,"Diamalaye 1, Dakar, Sénégal",https://images.coinafrique.com/thumb_5165587_uploaded_image1_1738510455.jpg
Chaussures Louis Vuitton,20.000,"Dakar, Sénégal",https://images.coinafrique.com/thumb_5164976_uploaded_image1_1738461387.jpg
Chaussures homme,Prix.sur.demande,"Yoff, Dakar, Sénégal",https://images.coinafrique.com/thumb_5164401_uploaded_image1_1738425286.jpg
Bottes homme,25.000,"Dakar, Sénégal",https://images.coinafrique.com/thumb_5163774_uploaded_image1_1738401744.jpg
Chaussures homme,20.000,"Fass, Dakar, Sénégal",https://images.coinafrique.com/thumb_5115555_uploaded_image1_1735817188.jpg
Chaussures homme,20.000,"Fass, Dakar, Sénégal",https://images.coinafrique.com/thumb_5115549_uploaded_image1_1735816929.jpg
Chaussures New balance,25.000,"Dakar, Sénégal",https://images.coinafrique.com/thumb_5160982_uploaded_image1_1738247854.jpg
Chaussures homme,38.000,"Dakar, Sénégal",https://images.coinafrique.com/thumb_5160860_uploaded_image1_1738243354.jpg
Chaussures homme,20.000,"Dakar, Sénégal",https://images.coinafrique.com/thumb_5159221_uploaded_image1_1738162375.jpg
Chaussures hommes,2.400,"Dakar, Sénégal",https://images.coinafrique.com/thumb_5157556_uploaded_image1_1738081427.jpg
Chaussures Timberlands,55.000,"Dakar, Sénégal",https://images.coinafrique.com/thumb_5157552_uploaded_image1_1738081319.jpg
Chaussures hommes,25.000,"Dakar, Sénégal",https://images.coinafrique.com/thumb_5157548_uploaded_image1_1738081163.jpg
Chaussures hommes,25.000,"Dakar, Sénégal",https://images.coinafrique.com/thumb_5157546_uploaded_image1_1738081046.jpg
Chaussures  homme,25.000,"Dakar Plateau, Dakar, Sénégal",https://images.coinafrique.com/thumb_5157484_uploaded_image1_1738078792.jpg
Chaussures Jordan,35.000,"Hann Bel-Air, Dakar, Sénégal",https://images.coinafrique.com/thumb_5155951_uploaded_image1_1738005577.jpg
Baskets New balance et Adidas campus,32.000,"Dakar, Sénégal",https://images.coinafrique.com/thumb_5153222_uploaded_image1_1737841616.jpg
Chaussures Travis schot,30.000,"Dakar, Sénégal",https://images.coinafrique.com/thumb_5153219_uploaded_image1_1737841467.jpg
Baskets Adidas gazelle,25.000,"Dakar, Sénégal",https://images.coinafrique.com/thumb_5153216_uploaded_image1_1737841359.jpg
Timberlands,50.000,"Dakar, Sénégal",https://images.coinafrique.com/thumb_5153210_uploaded_image1_1737841100.jpg
Chaussures Bakhdad shoes,25.000,"Dakar, Sénégal",https://images.coinafrique.com/thumb_5153207_uploaded_image1_1737840913.jpg
Chaussures homme,25.000,"Colobane, Dakar, Sénégal",https://images.coinafrique.com/thumb_5152932_uploaded_image1_1737822003.jpg
Chaussures homme,35.000,"Colobane, Dakar, Sénégal",https://images.coinafrique.com/thumb_5152904_uploaded_image1_1737820421.jpg
Chaussures homme,15.000,"Grand Dakar, Dakar, Sénégal",https://images.coinafrique.com/thumb_5152563_uploaded_image1_1737805034.jpg
Chaussures Adidas,Prix.sur.demande,"Medina, Dakar, Sénégal",https://images.coinafrique.com/thumb_5151881_uploaded_image1_1737752495.jpg
Chaussures Timberland,30.000,"Dakar, Sénégal",https://images.coinafrique.com/thumb_5150663_uploaded_image1_1737692759.jpg
Chaussures Timberland,30.000,"Fann, Dakar, Sénégal",https://images.coinafrique.com/thumb_5150532_uploaded_image1_1737681617.jpg
Chaussures homme,15.000,"Grand Yoff, Dakar, Sénégal",https://images.coinafrique.com/thumb_5149979_uploaded_image1_1737655711.jpg
Chaussures Jordan 11,25.000,"Parcelle Assainies, Dakar, Sénégal",https://images.coinafrique.com/thumb_5147842_uploaded_image1_1737560986.jpg
Chaussures homme,28.000,"Sicap Liberté, Dakar, Sénégal",https://images.coinafrique.com/thumb_5145861_uploaded_image1_1737475001.jpg
Chaussures Nike,15.000,"Sicap Liberté, Dakar, Sénégal",https://images.coinafrique.com/thumb_5145824_uploaded_image1_1737473368.jpg
Chaussures Nike,25.000,"Sicap Liberté, Dakar, Sénégal",https://images.coinafrique.com/thumb_5145813_uploaded_image1_1737473121.jpg
Chaussures Nike,15.000,"Sicap Liberté, Dakar, Sénégal",https://images.coinafrique.com/thumb_5145720_uploaded_image1_1737470265.jpg
Chaussures Adidas,20.000,"Sicap Liberté, Dakar, Sénégal",https://images.coinafrique.com/thumb_5145714_uploaded_image1_1737470139.jpg
Chaussures Puma,30.000,"Sicap Liberté, Dakar, Sénégal",https://images.coinafrique.com/thumb_5145706_uploaded_image1_1737469975.jpg
Chaussures homme,15.000,"Sicap Liberté, Dakar, Sénégal",https://images.coinafrique.com/thumb_5145643_uploaded_image1_1737467967.jpg
Baskets Alexandre McQueen,43.000,"Dakar, Sénégal",https://images.coinafrique.com/thumb_5143550_uploaded_image1_1737371274.jpg
Chaussures homme,Prix.sur.demande,"Yoff, Dakar, Sénégal",https://images.coinafrique.com/thumb_5142907_uploaded_image1_1737320376.jpg
Chaussures homme,15.000,"Medina, Dakar, Sénégal",https://images.coinafrique.com/thumb_5141203_uploaded_image1_1737204782.jpg
Chaussures homme,40.000,"Colobane, Dakar, Sénégal",https://images.coinafrique.com/thumb_5138888_uploaded_image1_1737064702.jpg
Chaussures homme,25.000,"Ouest Foire, Dakar, Sénégal",https://images.coinafrique.com/thumb_5138404_uploaded_image1_1737043207.jpg
Chaussures homme,25.000,"Ouest Foire, Dakar, Sénégal",https://images.coinafrique.com/thumb_5138351_uploaded_image1_1737041315.jpg
Chaussures Berluti,25.000,"Parcelle Assainies, Dakar, Sénégal",https://images.coinafrique.com/thumb_5137747_uploaded_image1_1737022857.jpg
Chaussures homme,25.000,"Parcelle Assainies, Dakar, Sénégal",https://images.coinafrique.com/thumb_5136509_uploaded_image1_1736959053.jpg
Chaussures homme,13.000,"Diamalaye 1, Dakar, Sénégal",https://images.coinafrique.com/thumb_5135921_uploaded_image1_1736938939.jpg
Chaussures homme,13.000,"Diamalaye 1, Dakar, Sénégal",https://images.coinafrique.com/thumb_5135915_uploaded_image1_1736938739.jpg
Chaussures Adidas,17.000,"Dakar, Sénégal",https://images.coinafrique.com/thumb_5134449_uploaded_image1_1736863836.jpg
Sandales homme,12.000,"Parcelle Assainies, Dakar, Sénégal",https://images.coinafrique.com/thumb_5132974_uploaded_image1_1736786850.jpg
Chaussures Timberland,25.000,"Parcelle Assainies, Dakar, Sénégal",https://images.coinafrique.com/thumb_5132407_uploaded_image1_1736767718.jpg
Baskets New Balance 5530,25.000,"Dakar, Sénégal",https://images.coinafrique.com/thumb_5132086_uploaded_image1_1736754624.jpg
Chaussures Airforce 1,15.000,"Parcelle Assainies, Dakar, Sénégal",https://images.coinafrique.com/thumb_5131864_uploaded_image1_1736723911.jpg
Chaussures Adidas,25.000,"Parcelle Assainies, Dakar, Sénégal",https://images.coinafrique.com/thumb_5131862_uploaded_image1_1736723850.jpg
Chaussures Fourcand,20.000,"Parcelle Assainies, Dakar, Sénégal",https://images.coinafrique.com/thumb_5131860_uploaded_image1_1736723781.jpg
Chaussures homme,Prix.sur.demande,"Yoff, Dakar, Sénégal",https://images.coinafrique.com/thumb_5131513_uploaded_image3_1736701278.jpeg
Baskets Air Jordan X Travis Scott,30.000,"Dakar, Sénégal",https://images.coinafrique.com/thumb_5131158_uploaded_image1_1736681825.jpg
Chaussures homme,25.000,"Dakar, Sénégal",https://images.coinafrique.com/thumb_5131114_uploaded_image1_1736677616.jpg
Chaussures homme,5.490,"Pikine, Sénégal",https://images.coinafrique.com/thumb_5128910_uploaded_image1_1736524747.jpg
Chaussures homme,5.990,"Pikine, Sénégal",https://images.coinafrique.com/thumb_5128903_uploaded_image1_1736524615.jpg
Sandales orthopédique Birkenstock,26.500,"Mermoz-Sacré Coeur, Dakar, Sénégal",https://images.coinafrique.com/thumb_5085829_uploaded_image1_1733870021.jpg
Chaussures homme,18.000,"Grand Yoff, Dakar, Sénégal",https://images.coinafrique.com/thumb_5126030_uploaded_image1_1736374708.jpg
Chaussures hommes,15.000,"Dakar Plateau, Dakar, Sénégal",https://images.coinafrique.com/thumb_5125958_uploaded_image1_1736370460.jpg
Chaussures hommes,25.000,"Dakar Plateau, Dakar, Sénégal",https://images.coinafrique.com/thumb_5125957_uploaded_image1_1736370411.jpg
Chaussures hommes,25.000,"Dakar Plateau, Dakar, Sénégal",https://images.coinafrique.com/thumb_5125952_uploaded_image1_1736370231.jpg
Mocassins homme,15.000,"Sicap Liberté, Dakar, Sénégal",https://images.coinafrique.com/thumb_5125547_uploaded_image1_1736357092.jpg
Chaussures homme,20.000,"Sicap Liberté, Dakar, Sénégal",https://images.coinafrique.com/thumb_5125228_uploaded_image1_1736345367.jpg
Chaussures homme,12.000,"Sicap Liberté, Dakar, Sénégal",https://images.coinafrique.com/thumb_5125216_uploaded_image1_1736344781.jpg
Chaussures Nike Air,9.500,"Pikine, Sénégal",https://images.coinafrique.com/thumb_5121454_uploaded_image1_1736165779.jpg
Baskets,15.000,"Sicap Liberté, Dakar, Sénégal",https://images.coinafrique.com/thumb_5120194_uploaded_image1_1736088678.jpg
Baskets Van Knu Skool,27.000,"Colobane, Dakar, Sénégal",https://images.coinafrique.com/thumb_5118084_uploaded_image1_1735934478.jpg
Baskets Nike Zoom,25.000,"Colobane, Dakar, Sénégal",https://images.coinafrique.com/thumb_5118064_uploaded_image1_1735933768.jpg
Baskets Nike SB Dunk Low Travis Scott,25.000,"Colobane, Dakar, Sénégal",https://images.coinafrique.com/thumb_5118035_uploaded_image1_1735932607.jpg
Chaussures homme,Prix.sur.demande,"Dakar, Sénégal",https://images.coinafrique.com/thumb_5117275_uploaded_image1_1735903894.jpg
Chaussures homme,Prix.sur.demande,"Dakar, Sénégal",https://images.coinafrique.com/thumb_5117274_uploaded_image1_1735903778.jpg
Chausse-pieds pliable,6.900,"Dakar, Sénégal",https://images.coinafrique.com/thumb_5114842_uploaded_image1_1735751354.jpg
Chaussures air force 1,4.000,"Grand Dakar, Dakar, Sénégal",https://images.coinafrique.com/thumb_5113911_uploaded_image1_1735645385.jpg
Chaussures Louis Vuitton,7.000,"Grand Dakar, Dakar, Sénégal",https://images.coinafrique.com/thumb_5113905_uploaded_image1_1735645280.jpg
Paire de air force 1 blue,6.500,"Grand Dakar, Dakar, Sénégal",https://images.coinafrique.com/thumb_5113904_uploaded_image1_1735645152.jpg
Paire de chaussures air max tn,8.000,"Grand Dakar, Dakar, Sénégal",https://images.coinafrique.com/thumb_5113899_uploaded_image1_1735644997.jpg
paire de chaussures air max,4.000,"Grand Dakar, Dakar, Sénégal",https://images.coinafrique.com/thumb_5113894_uploaded_image1_1735644783.jpg
Baskets Air Force 107 LV8,Prix.sur.demande,"Dakar, Sénégal",https://images.coinafrique.com/thumb_5113429_uploaded_image1_1735600680.jpg
Baskets homme,18.000,"Dakar Plateau, Dakar, Sénégal",https://images.coinafrique.com/thumb_5113372_uploaded_image1_1735596783.jpg
Chaussures homme,7.000,"Dakar, Sénégal",https://images.coinafrique.com/thumb_5111401_uploaded_image1_1735478673.jpg
Chaussures homme,Prix.sur.demande,"Yoff, Dakar, Sénégal",https://images.coinafrique.com/thumb_5110777_uploaded_image1_1735417132.jpg
Baskets Air Jordan 1,16.000,"Ouest Foire, Dakar, Sénégal",https://images.coinafrique.com/thumb_5109285_uploaded_image1_1735316970.jpg
Baskets Jordan,20.000,"Ouest Foire, Dakar, Sénégal",https://images.coinafrique.com/thumb_5108423_uploaded_image1_1735258204.jpg
Chaussures homme,Prix.sur.demande,"Yoff, Dakar, Sénégal",https://images.coinafrique.com/thumb_5107976_uploaded_image1_1735231845.jpg
Chaussures homme,Prix.sur.demande,"Dakar Plateau, Dakar, Sénégal",https://images.coinafrique.com/thumb_5107947_uploaded_image1_1735230299.jpg
Chaussures homme,Prix.sur.demande,"Yoff, Dakar, Sénégal",https://images.coinafrique.com/thumb_5107122_uploaded_image1_1735159699.jpg
Sneakers Gucci,45.000,"Grand Dakar, Dakar, Sénégal",https://images.coinafrique.com/thumb_5105997_uploaded_image1_1735063308.jpg
Chaussures vans,20.000,"Colobane, Dakar, Sénégal",https://images.coinafrique.com/thumb_5105635_uploaded_image1_1735045241.jpg
All converse chuk Taylor size 39 a 44,25.000,"Colobane, Dakar, Sénégal",https://images.coinafrique.com/thumb_5063140_uploaded_image1_1732650003.jpg
Chaussures homme,Prix.sur.demande,"Dakar, Sénégal",https://images.coinafrique.com/thumb_5104669_uploaded_image1_1734977624.jpg
Chaussures homme,Prix.sur.demande,"Yoff, Dakar, Sénégal",https://images.coinafrique.com/thumb_5104400_uploaded_image1_1734965360.jpg
Baskets  Vans,20.000,"Dakar, Sénégal",https://images.coinafrique.com/thumb_5104049_uploaded_image1_1734950403.jpg
Mocassins homme,15.000,"Dakar Plateau, Dakar, Sénégal",https://images.coinafrique.com/thumb_5103710_uploaded_image1_1734928509.jpg
Baskets Yezzy boost 350,20.000,"Colobane, Dakar, Sénégal",https://images.coinafrique.com/thumb_5061596_uploaded_image1_1732574074.jpg
Baskets Vans Knu school size 37 a 41,25.000,"Colobane, Dakar, Sénégal",https://images.coinafrique.com/thumb_5061577_uploaded_image1_1732573005.jpg
Baskets Louis Vuitton skate,25.000,"Colobane, Dakar, Sénégal",https://images.coinafrique.com/thumb_5061582_uploaded_image1_1732573189.jpg
Baskets Dior B22,25.000,"Colobane, Dakar, Sénégal",https://images.coinafrique.com/thumb_5061576_uploaded_image1_1732572845.jpg
Baskets New balance 9060,25.000,"Colobane, Dakar, Sénégal",https://images.coinafrique.com/thumb_5061565_uploaded_image1_1732572319.jpg
Baskets Nike Air Max DN,25.000,"Colobane, Dakar, Sénégal",https://images.coinafrique.com/thumb_5061569_uploaded_image1_1732572616.jpg
Baskets New balance 9060,30.000,"Colobane, Dakar, Sénégal",https://images.coinafrique.com/thumb_5061556_uploaded_image1_1732571856.jpg
Baktets Puma suède XL,25.000,"Colobane, Dakar, Sénégal",https://images.coinafrique.com/thumb_5061551_uploaded_image1_1732571638.jpg
Chaussures  homme,13.000,"Ngor, Dakar, Sénégal",https://images.coinafrique.com/thumb_5102198_uploaded_image1_1734793775.jpg
Chaussures homme,18.000,"Dakar, Sénégal",https://images.coinafrique.com/thumb_5098395_uploaded_image1_1734566056.jpg
Chaussures Timberland,18.000,"Dakar, Sénégal",https://images.coinafrique.com/thumb_5098393_uploaded_image1_1734565931.jpg
Berluti,25.000,"Colobane, Dakar, Sénégal",https://images.coinafrique.com/thumb_5097538_uploaded_image1_1734524683.jpg
Baskets Nike Dunk,20.000,"Colobane, Dakar, Sénégal",https://images.coinafrique.com/thumb_5095995_uploaded_image1_1734445682.jpg
Chaussures homme,8.000,"Louga, Sénégal",https://images.coinafrique.com/thumb_5094978_uploaded_image1_1734389112.jpg
Chaussures homme,4.500,"Dakar, Sénégal",https://images.coinafrique.com/thumb_5094675_uploaded_image1_1734373088.jpg
Chaussures homme,50.000,"Dakar Plateau, Dakar, Sénégal",https://images.coinafrique.com/thumb_5092902_uploaded_image1_1734275886.jpg
Chaussures pour homme,25.000,"Colobane, Dakar, Sénégal",https://images.coinafrique.com/thumb_5090477_uploaded_image1_1734101696.jpg
Chaussures pour homme,25.000,"Colobane, Dakar, Sénégal",https://images.coinafrique.com/thumb_5090476_uploaded_image1_1734101588.jpg
Chaussures en cuir,25.000,"Colobane, Dakar, Sénégal",https://images.coinafrique.com/thumb_5090472_uploaded_image1_1734101443.jpg
Chaussures  homme,17.000,"Fass, Dakar, Sénégal",https://images.coinafrique.com/thumb_5046356_uploaded_image1_1731708939.jpg
Chaussures Timberland,35.000,"Colobane, Dakar, Sénégal",https://images.coinafrique.com/thumb_5089057_uploaded_image1_1734026254.jpg
Chaussures Ogiy,10.000,"Dakar, Sénégal",https://images.coinafrique.com/thumb_5088889_uploaded_image2_1734020387.jpeg
Baskets Adidas,Prix.sur.demande,"Parcelle Assainies, Dakar, Sénégal",https://images.coinafrique.com/thumb_5044140_uploaded_image1_1731603197.63.jpeg
Baskets Nike,Prix.sur.demande,"Parcelle Assainies, Dakar, Sénégal",https://images.coinafrique.com/thumb_5044136_uploaded_image1_1731603106.55.jpeg
Baskets,Prix.sur.demande,"Parcelle Assainies, Dakar, Sénégal",https://images.coinafrique.com/thumb_5044134_uploaded_image1_1731602992.91.jpeg
Baskets,Prix.sur.demande,"Parcelle Assainies, Dakar, Sénégal",https://images.coinafrique.com/thumb_5044131_uploaded_image1_1731602908.43.jpeg
Chaussures  homme,Prix.sur.demande,"Parcelle Assainies, Dakar, Sénégal",https://images.coinafrique.com/thumb_5053439_uploaded_image1_1732115840.78.jpeg
Chaussures  homme,Prix.sur.demande,"Parcelle Assainies, Dakar, Sénégal",https://images.coinafrique.com/thumb_5053444_uploaded_image1_1732115901.98.jpeg
Chaussures  Homme,Prix.sur.demande,"Parcelle Assainies, Dakar, Sénégal",https://images.coinafrique.com/thumb_5053446_uploaded_image1_1732115969.49.jpeg
Chaussures homme,20.000,"Fass, Dakar, Sénégal",https://images.coinafrique.com/thumb_5041561_uploaded_image1_1731494431.jpg
Mocassins homme,Prix.sur.demande,"Sicap Liberté, Dakar, Sénégal",https://images.coinafrique.com/thumb_5038508_uploaded_image1_1731341353.03.jpeg
Mocassins homme,Prix.sur.demande,"Sicap Liberté, Dakar, Sénégal",https://images.coinafrique.com/thumb_5038512_uploaded_image1_1731341491.7.jpeg
Sneakers Dior B30,45.000,"Grand Dakar, Dakar, Sénégal",https://images.coinafrique.com/thumb_5081368_uploaded_image1_1733609008.jpg
Chaussures hommes,30.000,"Dakar Plateau, Dakar, Sénégal",https://images.coinafrique.com/thumb_5081267_uploaded_image1_1733603021.jpg
Chaussures Adidas,25.000,"Dakar Plateau, Dakar, Sénégal",https://images.coinafrique.com/thumb_5081265_uploaded_image1_1733602892.jpg
Chaussures hommes,30.000,"Dakar Plateau, Dakar, Sénégal",https://images.coinafrique.com/thumb_5081258_uploaded_image1_1733601310.jpg
Baskets Adidas,25.000,"Dakar Plateau, Dakar, Sénégal",https://images.coinafrique.com/thumb_5081254_uploaded_image1_1733601174.jpg
Chaussures homme,15.000,"Sicap Liberté, Dakar, Sénégal",https://images.coinafrique.com/thumb_5078434_uploaded_image1_1733441016.jpg
Chaussures Timberland,35.000,"Colobane, Dakar, Sénégal",https://images.coinafrique.com/thumb_5078242_uploaded_image2_1733434251.jpeg
Chaussures hommes,25.000,"Fass, Dakar, Sénégal",https://images.coinafrique.com/thumb_5034128_uploaded_image1_1731082208.jpg
Baskets Puma,18.000,"Sicap Liberté, Dakar, Sénégal",https://images.coinafrique.com/thumb_5075925_uploaded_image1_1733326369.jpg
Chaussures de ville,19.000,"Dakar, Sénégal",https://images.coinafrique.com/thumb_5075850_uploaded_image1_1733324048.jpg
Baskets Jordan MVP Team Gold,25.000,"Sicap Liberté, Dakar, Sénégal",https://images.coinafrique.com/thumb_5074416_uploaded_image1_1733256921.jpg
Baskets Jordan,30.000,"Colobane, Dakar, Sénégal",https://images.coinafrique.com/thumb_5071859_uploaded_image1_1733154927.jpg
Baskets New Balance,30.000,"Colobane, Dakar, Sénégal",https://images.coinafrique.com/thumb_5071856_uploaded_image1_1733154811.jpg
Chaussures homme,20.000,"Colobane, Dakar, Sénégal",https://images.coinafrique.com/thumb_5071839_uploaded_image1_1733154107.jpg
Baskets Boss,15.000,"Diamalaye 1, Dakar, Sénégal",https://images.coinafrique.com/thumb_5071214_uploaded_image1_1733134390.jpg
Crocs,10.000,"Parcelle Assainies, Dakar, Sénégal",https://images.coinafrique.com/thumb_5071200_uploaded_image1_1733134046.jpg
Baskets All star,20.000,"Parcelle Assainies, Dakar, Sénégal",https://images.coinafrique.com/thumb_5071181_uploaded_image1_1733133576.jpg
Chaussures hommes,15.000,"Diamalaye 1, Dakar, Sénégal",https://images.coinafrique.com/thumb_5071180_uploaded_image1_1733133566.jpg
Adidas training,20.000,"Parcelle Assainies, Dakar, Sénégal",https://images.coinafrique.com/thumb_5071168_uploaded_image1_1733133312.jpg
Chaussures  Berluti,25.000,"Parcelle Assainies, Dakar, Sénégal",https://images.coinafrique.com/thumb_5071161_uploaded_image1_1733133217.jpg
Chaussure  2024,7.500,"Dakar, Sénégal",https://images.coinafrique.com/thumb_5070029_uploaded_image1_1733058330.jpg
Chaussures  Louis Vuitton,25.000,"Colobane, Dakar, Sénégal",https://images.coinafrique.com/thumb_5026075_uploaded_image1_1730722099.jpg
Chaussures Dior,25.000,"Colobane, Dakar, Sénégal",https://images.coinafrique.com/thumb_5026064_uploaded_image1_1730721986.jpg
Chaussures homme,Prix.sur.demande,"Yoff, Dakar, Sénégal",https://images.coinafrique.com/thumb_5069955_uploaded_image1_1733055989.jpg
Chaussures homme,16.000,"Dakar, Sénégal",https://images.coinafrique.com/thumb_5069281_uploaded_image1_1733000182.jpg
Chaussures homme,Prix.sur.demande,"Sicap Liberté, Dakar, Sénégal",https://images.coinafrique.com/thumb_5067554_uploaded_image1_1732892398.jpg
Baskets OG New Balance,25.000,"Dakar, Sénégal",https://images.coinafrique.com/thumb_5066515_uploaded_image1_1732833532.jpg
Tapettes homme,20.000,"Colobane, Dakar, Sénégal",https://images.coinafrique.com/thumb_5019757_uploaded_image1_1730385238.jpg
Tapettes Louboutin,20.000,"Colobane, Dakar, Sénégal",https://images.coinafrique.com/thumb_5019761_uploaded_image1_1730385361.jpg
Chaussures homme,20.000,"Colobane, Dakar, Sénégal",https://images.coinafrique.com/thumb_5019768_uploaded_image1_1730385463.jpg
Chaussures Nike Air More,20.000,"Colobane, Dakar, Sénégal",https://images.coinafrique.com/thumb_5019772_uploaded_image1_1730385618.jpg
Chaussures homme,20.000,"Colobane, Dakar, Sénégal",https://images.coinafrique.com/thumb_5019728_uploaded_image1_1730384069.jpg
Des chaussures de classes,15.000,"Cotonou, Bénin",https://images.coinafrique.com/thumb_5064063_uploaded_image1_1732706598.jpg
Chaussures,Prix.sur.demande,"Yoff, Dakar, Sénégal",https://images.coinafrique.com/thumb_5062606_uploaded_image1_1732629876.jpg
Chaussures homme,12.000,"Colobane, Dakar, Sénégal",https://images.coinafrique.com/thumb_5017620_uploaded_image1_1730275469.jpg
Chaussures homme,11.000,"Colobane, Dakar, Sénégal",https://images.coinafrique.com/thumb_5017615_uploaded_image1_1730275370.jpg
Chaussures homme,15.000,"Colobane, Dakar, Sénégal",https://images.coinafrique.com/thumb_5017612_uploaded_image1_1730275246.jpg
Chaussures homme,10.000,"Colobane, Dakar, Sénégal",https://images.coinafrique.com/thumb_5017607_uploaded_image1_1730275119.jpg
Chaussures Adidas,15.000,"Colobane, Dakar, Sénégal",https://images.coinafrique.com/thumb_5017603_uploaded_image1_1730275004.jpg
Chaussures homme,12.000,"Colobane, Dakar, Sénégal",https://images.coinafrique.com/thumb_5017598_uploaded_image1_1730274754.jpg
Chaussures homme,12.000,"Colobane, Dakar, Sénégal",https://images.coinafrique.com/thumb_5017601_uploaded_image1_1730274904.jpg
Chaussures Timberland,Prix.sur.demande,"Dakar, Sénégal",https://images.coinafrique.com/thumb_5061287_uploaded_image1_1732559568.jpg
Baskets Jordan One,Prix.sur.demande,"Dakar, Sénégal",https://images.coinafrique.com/thumb_5061278_uploaded_image2_1732559393.jpeg
chaussures,24.000,"Dakar, Sénégal",https://images.coinafrique.com/thumb_5059414_uploaded_image1_1732460160.jpg
chaussures en cuir,24.000,"Dakar, Sénégal",https://images.coinafrique.com/thumb_5059403_uploaded_image1_1732459785.jpg
Chaussure Nike zoom,20.000,"Dieuppeul-Derklé, Dakar, Sénégal",https://images.coinafrique.com/thumb_5058832_uploaded_image1_1732408677.jpg
Sandales,8.000,"Colobane, Dakar, Sénégal",https://images.coinafrique.com/thumb_5056232_uploaded_image1_1732270678.jpg
Chaussures homme,Prix.sur.demande,"HLM, Dakar, Sénégal",https://images.coinafrique.com/thumb_5009153_uploaded_image1_1729768343.jpg
Chaussures décontractées en cuir,11.000,"Almadies, Dakar, Sénégal",https://images.coinafrique.com/thumb_5052957_uploaded_image1_1732101026.jpg
Casquette,Prix.sur.demande,"HLM, Dakar, Sénégal",https://images.coinafrique.com/thumb_5013172_uploaded_image1_1730024785.jpg
Sandales Nike,6.000,"Parcelle Assainies, Dakar, Sénégal",https://images.coinafrique.com/thumb_5051848_uploaded_image1_1732034006.jpg
Chaussures homme,Prix.sur.demande,"HLM, Dakar, Sénégal",https://images.coinafrique.com/thumb_5012333_uploaded_image1_1729948076.jpg
Ensemble homme,Prix.sur.demande,"HLM, Dakar, Sénégal",https://images.coinafrique.com/thumb_5012325_uploaded_image1_1729947723.jpg
Chaussures,Prix.sur.demande,"Yoff, Dakar, Sénégal",https://images.coinafrique.com/thumb_5051436_uploaded_image1_1732017499.jpg
Chaussures homme,Prix.sur.demande,"HLM, Dakar, Sénégal",https://images.coinafrique.com/thumb_5007461_uploaded_image1_1729679422.jpg
Chaussures homme,Prix.sur.demande,"HLM, Dakar, Sénégal",https://images.coinafrique.com/thumb_5007459_uploaded_image1_1729679365.jpg
Baskets Air Jordan 1,18.000,"Grand Dakar, Dakar, Sénégal",https://images.coinafrique.com/thumb_5049981_uploaded_image1_1731943856.jpg
Chaussures homme,Prix.sur.demande,"HLM, Dakar, Sénégal",https://images.coinafrique.com/thumb_5006001_uploaded_image1_1729601821.jpg
Chaussures homme,Prix.sur.demande,"HLM, Dakar, Sénégal",https://images.coinafrique.com/thumb_5006002_uploaded_image1_1729601856.jpg
Baskets Adidas OG,25.000,"Mariste, Dakar, Sénégal",https://images.coinafrique.com/thumb_5048636_uploaded_image1_1731873203.jpg
Chaussures,Prix.sur.demande,"Yoff, Dakar, Sénégal",https://images.coinafrique.com/thumb_5046898_uploaded_image1_1731759580.jpg
Chaussures Nike,25.000,"Dakar, Sénégal",https://images.coinafrique.com/thumb_5046248_uploaded_image1_1731705008.jpg
Babouches en cuir,10.000,"Point E, Dakar, Sénégal",https://images.coinafrique.com/thumb_5046036_uploaded_image1_1731695505.jpg
Baskets Timberland,15.000,"Dakar, Sénégal",https://images.coinafrique.com/thumb_5041529_uploaded_image1_1731493422.jpg
Chaussures orthopédique en cuir,Prix.sur.demande,"Guediawaye, Dakar, Sénégal",https://images.coinafrique.com/thumb_5041047_uploaded_image1_1731457949.jpg
Baskets All Star Converse,20.000,"Dakar Plateau, Dakar, Sénégal",https://images.coinafrique.com/thumb_5040993_uploaded_image1_1731455106.jpg
Chaussures Nike,27.000,"Dakar, Sénégal",https://images.coinafrique.com/thumb_5040990_uploaded_image1_1731455007.jpg
Baskets Adidas Campus,25.000,"Dakar, Sénégal",https://images.coinafrique.com/thumb_5040981_uploaded_image1_1731454854.jpg
Chaussures Pallejum,30.000,"Dakar, Sénégal",https://images.coinafrique.com/thumb_5040978_uploaded_image1_1731454743.jpg
Chaussures,Prix.sur.demande,"Yoff, Dakar, Sénégal",https://images.coinafrique.com/thumb_5040022_uploaded_image1_1731418821.jpg
Baskets Adidas Samba,25.000,"Colobane, Dakar, Sénégal",https://images.coinafrique.com/thumb_4996578_uploaded_image1_1729077988.jpg
Chaussures,8.000,"Dakar, Sénégal",https://images.coinafrique.com/thumb_5039611_uploaded_image1_1731407139.jpg
Chaussures mixte,9.000,"Dakar, Sénégal",https://images.coinafrique.com/thumb_5039601_uploaded_image1_1731406979.jpg
Baskets homme,30.000,"Colobane, Dakar, Sénégal",https://images.coinafrique.com/thumb_5037972_uploaded_image1_1731325427.jpg
Chaussures Versace pointure 40 à 45,30.000,"Colobane, Dakar, Sénégal",https://images.coinafrique.com/thumb_4992976_uploaded_image1_1728910542.jpg
Chaussures Versace pointure 40 à 45,30.000,"Colobane, Dakar, Sénégal",https://images.coinafrique.com/thumb_4992974_uploaded_image1_1728910435.jpg
Chaussures Dior 40 à 46,17.000,"Colobane, Dakar, Sénégal",https://images.coinafrique.com/thumb_4992141_uploaded_image1_1728862906.jpg
Tapettes Fendi,17.000,"Colobane, Dakar, Sénégal",https://images.coinafrique.com/thumb_4992139_uploaded_image1_1728862810.jpg
Chaussures Fendi,17.000,"Colobane, Dakar, Sénégal",https://images.coinafrique.com/thumb_4992136_uploaded_image1_1728862658.jpg
Chaussures Guggi,17.000,"Colobane, Dakar, Sénégal",https://images.coinafrique.com/thumb_4992134_uploaded_image1_1728862494.jpg
Chaussures Hermès,17.000,"Colobane, Dakar, Sénégal",https://images.coinafrique.com/thumb_4992132_uploaded_image1_1728862358.jpg
Chaussures Dior,20.000,"Colobane, Dakar, Sénégal",https://images.coinafrique.com/thumb_4992128_uploaded_image1_1728862055.jpg
Chaussures Prada,18.000,"Colobane, Dakar, Sénégal",https://images.coinafrique.com/thumb_4992130_uploaded_image1_1728862218.jpg
Tapettes Hermès,18.000,"Colobane, Dakar, Sénégal",https://images.coinafrique.com/thumb_4992104_uploaded_image1_1728861198.jpg
Chaussures Palm Angels pointure,20.000,"Colobane, Dakar, Sénégal",https://images.coinafrique.com/thumb_4992124_uploaded_image1_1728861827.jpg
Tapettes Myagihidetaka,20.000,"Colobane, Dakar, Sénégal",https://images.coinafrique.com/thumb_4992111_uploaded_image1_1728861509.jpg
Tapettes  Chanel,17.500,"Colobane, Dakar, Sénégal",https://images.coinafrique.com/thumb_4992098_uploaded_image1_1728860564.jpg
Tapettes  Hermès,17.500,"Colobane, Dakar, Sénégal",https://images.coinafrique.com/thumb_4992100_uploaded_image1_1728860780.jpg
Tapettes Lanvin,25.000,"Colobane, Dakar, Sénégal",https://images.coinafrique.com/thumb_4992103_uploaded_image1_1728861058.jpg
Sandale birkenstock,30.000,"Mermoz-Sacré Coeur, Dakar, Sénégal",https://images.coinafrique.com/thumb_4989259_uploaded_image1_1728672859.jpg
Baskets Nike TN,15.000,"Fass, Dakar, Sénégal",https://images.coinafrique.com/thumb_5035383_uploaded_image1_1731158367.jpg
Baskets Adidas,15.000,"Fass, Dakar, Sénégal",https://images.coinafrique.com/thumb_5035381_uploaded_image1_1731158223.jpg
Baskets Jordan One,15.000,"Fass, Dakar, Sénégal",https://images.coinafrique.com/thumb_5034410_uploaded_image1_1731091587.jpg
Baskets Adidas,15.000,"Colobane, Dakar, Sénégal",https://images.coinafrique.com/thumb_5028372_uploaded_image1_1730823615.jpg
Chaussures homme,Prix.sur.demande,"Diamalaye 1, Dakar, Sénégal",https://images.coinafrique.com/thumb_5028319_uploaded_image1_1730822208.jpg
Chaussures Berluti,20.000,"Grand Yoff, Dakar, Sénégal",https://images.coinafrique.com/thumb_5026877_uploaded_image1_1730750286.jpg
Chaussures homme,20.000,"Grand Yoff, Dakar, Sénégal",https://images.coinafrique.com/thumb_5026875_uploaded_image1_1730750195.jpg
Baskets Reebok vibrom luis vuitton,30.000,"Colobane, Dakar, Sénégal",https://images.coinafrique.com/thumb_5026279_uploaded_image1_1730726813.jpg
Chaussures homme,Prix.sur.demande,"Diamalaye 1, Dakar, Sénégal",https://images.coinafrique.com/thumb_5021636_uploaded_image1_1730472276.jpg
Baskets Nike,20.000,"Colobane, Dakar, Sénégal",https://images.coinafrique.com/thumb_5020644_uploaded_image1_1730419748.jpg
Baskets Adidas samba,25.000,"Colobane, Dakar, Sénégal",https://images.coinafrique.com/thumb_5020639_uploaded_image1_1730419594.jpg
Baskets Adidas,20.000,"Colobane, Dakar, Sénégal",https://images.coinafrique.com/thumb_5020636_uploaded_image1_1730419393.jpg
Baskets Dior GD,25.000,"Colobane, Dakar, Sénégal",https://images.coinafrique.com/thumb_4976666_uploaded_image1_1728034701.jpg
Chausures Nike Air max Dn,25.000,"Colobane, Dakar, Sénégal",https://images.coinafrique.com/thumb_4976673_uploaded_image1_1728034836.jpg
Chaussures New Balance 9060,27.500,"Colobane, Dakar, Sénégal",https://images.coinafrique.com/thumb_4976646_uploaded_image1_1728034007.jpg
Chaussures en daim,15.000,"Colobane, Dakar, Sénégal",https://images.coinafrique.com/thumb_4976650_uploaded_image1_1728034138.jpg
Chaussures Air Jordan 11 Retro cool GREY,20.000,"Colobane, Dakar, Sénégal",https://images.coinafrique.com/thumb_4976636_uploaded_image1_1728033842.jpg
Chaussures  Timberland,20.000,"Colobane, Dakar, Sénégal",https://images.coinafrique.com/thumb_4976618_uploaded_image1_1728033398.jpg
Chaussures Adidas X korn campus OOS,25.000,"Colobane, Dakar, Sénégal",https://images.coinafrique.com/thumb_4976607_uploaded_image1_1728033224.jpg
Chaussures Adidas Campus,25.000,"Colobane, Dakar, Sénégal",https://images.coinafrique.com/thumb_4976628_uploaded_image1_1728033522.jpg
Chaussures Louis Vuitton X Nike Air Force  points,20.000,"Colobane, Dakar, Sénégal",https://images.coinafrique.com/thumb_4976602_uploaded_image1_1728033007.jpg
Chaussures  Gucci,25.000,"Colobane, Dakar, Sénégal",https://images.coinafrique.com/thumb_4976586_uploaded_image1_1728032700.jpg
Disponible point 40 jusqua 46,20.000,"Colobane, Dakar, Sénégal",https://images.coinafrique.com/thumb_4976564_uploaded_image1_1728032007.jpg
Chaussures Louis Vuitton fW,20.000,"Colobane, Dakar, Sénégal",https://images.coinafrique.com/thumb_4976572_uploaded_image1_1728032284.jpg
Chaussures Gucci,25.000,"Colobane, Dakar, Sénégal",https://images.coinafrique.com/thumb_4976579_uploaded_image1_1728032434.jpg
Chaussures Nocta,25.000,"Colobane, Dakar, Sénégal",https://images.coinafrique.com/thumb_4976559_uploaded_image1_1728031882.jpg
Chaussures homme,15.000,"Parcelle Assainies, Dakar, Sénégal",https://images.coinafrique.com/thumb_5016589_uploaded_image1_1730219464.jpg
Chaussures en cuir,19.000,"Grand Yoff, Dakar, Sénégal",https://images.coinafrique.com/thumb_5014599_uploaded_image1_1730115074.jpg
Sandales,20.000,"Colobane, Dakar, Sénégal",https://images.coinafrique.com/thumb_5013140_uploaded_image1_1730022468.jpg
Chaussures en cuir,17.000,"Grand Yoff, Dakar, Sénégal",https://images.coinafrique.com/thumb_5010265_uploaded_image1_1729809474.jpg
Sabote en cuir,20.000,"Mamelles, Dakar, Sénégal",https://images.coinafrique.com/thumb_4964734_uploaded_image1_1727443154.jpg
Baskets Adidas campus,30.000,"Colobane, Dakar, Sénégal",https://images.coinafrique.com/thumb_5007018_uploaded_image1_1729649148.jpg
Baskets Adidas,15.000,"Colobane, Dakar, Sénégal",https://images.coinafrique.com/thumb_5005021_uploaded_image1_1729548444.jpg
Chaussures homme,35.000,"Colobane, Dakar, Sénégal",https://images.coinafrique.com/thumb_5005015_uploaded_image1_1729548074.jpg
Baskets Nike glide noctra,30.000,"Dakar Plateau, Dakar, Sénégal",https://images.coinafrique.com/thumb_5002850_uploaded_image1_1729434066.jpg
Chaussures homme,25.000,"Dakar Plateau, Dakar, Sénégal",https://images.coinafrique.com/thumb_5002380_uploaded_image1_1729385865.jpg
Chaussures homme,Prix.sur.demande,"Yoff, Dakar, Sénégal",https://images.coinafrique.com/thumb_4997580_uploaded_image1_1729110631.jpg
Baskets Sbeakek  Jordan 11 Copy,45.000,"Grand Dakar, Dakar, Sénégal",https://images.coinafrique.com/thumb_4997538_uploaded_image1_1729108653.jpg
Chaussures homme,10.000,"Colobane, Dakar, Sénégal",https://images.coinafrique.com/thumb_4996748_uploaded_image2_1729083177.jpeg
Chaussures homme,25.000,"Sicap Liberté, Dakar, Sénégal",https://images.coinafrique.com/thumb_4996689_uploaded_image1_1729081529.jpg
Baskets homme,6.000,"Parcelle Assainies, Dakar, Sénégal",https://images.coinafrique.com/thumb_4994331_uploaded_image1_1728979413.jpg
Chaussures homme,15.000,"Colobane, Dakar, Sénégal",https://images.coinafrique.com/thumb_4992137_uploaded_image1_1728862721.jpg
Chaussures homme,28.000,"Dakar, Sénégal",https://images.coinafrique.com/thumb_4992133_uploaded_image1_1728862435.jpg
Baskets Nike TN,Prix.sur.demande,"Dakar, Sénégal",https://images.coinafrique.com/thumb_4992131_uploaded_image1_1728862310.jpg
Chaussures homme,12.000,"Dakar, Sénégal",https://images.coinafrique.com/thumb_4990852_uploaded_image1_1728776059.jpg
Chaussures homme,30.000,"Sicap Liberté, Dakar, Sénégal",https://images.coinafrique.com/thumb_4989952_uploaded_image1_1728732678.jpg
Chaussures,22.000,"Colobane, Dakar, Sénégal",https://images.coinafrique.com/thumb_4988500_uploaded_image1_1728648700.jpg
Mocassins,10.000,"Colobane, Dakar, Sénégal",https://images.coinafrique.com/thumb_4988257_uploaded_image1_1728640031.jpg
Chaussures Timberland,15.000,"Diamalaye 1, Dakar, Sénégal",https://images.coinafrique.com/thumb_4987718_uploaded_image1_1728600279.jpg
Baskets Adidas Stan Smith,15.000,"Dakar, Sénégal",https://images.coinafrique.com/thumb_4987482_uploaded_image1_1728589310.jpg
Chaussures homme,3.500,"Guediawaye, Dakar, Sénégal",https://images.coinafrique.com/thumb_4986975_uploaded_image1_1728568504.jpg
Mocassins homme,12.000,"Colobane, Dakar, Sénégal",https://images.coinafrique.com/thumb_4986477_uploaded_image1_1728552713.jpg
Sandales,15.000,"Dieuppeul-Derklé, Dakar, Sénégal",https://images.coinafrique.com/thumb_4986015_uploaded_image1_1728527053.jpg
Chaussures homme,30.000,"Colobane, Dakar, Sénégal",https://images.coinafrique.com/thumb_4985654_uploaded_image1_1728506967.jpg
Crocs homme,15.000,"Yoff, Dakar, Sénégal",https://images.coinafrique.com/thumb_4985495_uploaded_image1_1728502686.jpg
Claquettes homme,8.000,"Colobane, Dakar, Sénégal",https://images.coinafrique.com/thumb_4985154_uploaded_image1_1728489228.jpg
Chaussures,35.000,"Colobane, Dakar, Sénégal",https://images.coinafrique.com/thumb_4984872_uploaded_image1_1728480903.jpg
Baskets Nike TN,25.000,"Grand Dakar, Dakar, Sénégal",https://images.coinafrique.com/thumb_4983389_uploaded_image1_1728406729.jpg
Baskets homme,15.000,"Yoff, Dakar, Sénégal",https://images.coinafrique.com/thumb_4982916_uploaded_image1_1728392811.jpg
Chaussure,25.000,"Colobane, Dakar, Sénégal",https://images.coinafrique.com/thumb_4982698_uploaded_image1_1728385862.jpg
Chaussures original,15.000,"Colobane, Dakar, Sénégal",https://images.coinafrique.com/thumb_4982686_uploaded_image1_1728385451.jpg
Chaussures,32.000,"Colobane, Dakar, Sénégal",https://images.coinafrique.com/thumb_4982679_uploaded_image1_1728385118.jpg
Chaussures hommes femmes,15.600,"Dakar, Sénégal",https://images.coinafrique.com/thumb_4982051_uploaded_image1_1728346387.jpg
Baskets Adidas,25.000,"Dakar, Sénégal",https://images.coinafrique.com/thumb_4981775_uploaded_image1_1728333662.jpg
Chaussures homme,Prix.sur.demande,"Colobane, Dakar, Sénégal",https://images.coinafrique.com/thumb_4981539_uploaded_image1_1728321968.jpg
Baskets Jordan One,23.000,"Dakar, Sénégal",https://images.coinafrique.com/thumb_4981453_uploaded_image1_1728317927.jpg
Chaussures Unisexes,Prix.sur.demande,"Dakar, Sénégal",https://images.coinafrique.com/thumb_4980037_uploaded_image1_1728234420.jpg
Chaussures cuir  homme,25.000,"Mamelles, Dakar, Sénégal",https://images.coinafrique.com/thumb_4934880_uploaded_image1_1725869021.jpg
Chaussures,Prix.sur.demande,"Yoff, Dakar, Sénégal",https://images.coinafrique.com/thumb_4979364_uploaded_image1_1728178405.jpg
Baskets New Balance 1000,25.000,"Mariste, Dakar, Sénégal",https://images.coinafrique.com/thumb_4979032_uploaded_image1_1728155699.jpg
Baskets Adidas Campus,25.000,"Mariste, Dakar, Sénégal",https://images.coinafrique.com/thumb_4979030_uploaded_image1_1728155462.jpg
Baskets Adidas Samba OG,25.000,"Mariste, Dakar, Sénégal",https://images.coinafrique.com/thumb_4979020_uploaded_image2_1728155183.jpeg
Baskets Nike Air Force,15.000,"Mariste, Dakar, Sénégal",https://images.coinafrique.com/thumb_4979006_uploaded_image1_1728154518.jpg
Baskets Adidas Campus,25.000,"Dakar Plateau, Dakar, Sénégal",https://images.coinafrique.com/thumb_4977826_uploaded_image1_1728078771.jpg
Baskets  Louis Vuitton Skate,Prix.sur.demande,"Colobane, Dakar, Sénégal",https://images.coinafrique.com/thumb_4977275_uploaded_image1_1728055084.jpg
Baskets Nike,Prix.sur.demande,"Colobane, Dakar, Sénégal",https://images.coinafrique.com/thumb_4977267_uploaded_image1_1728054967.jpg
Baskets Air Jordan 7 Retro,Prix.sur.demande,"Colobane, Dakar, Sénégal",https://images.coinafrique.com/thumb_4977259_uploaded_image1_1728054862.jpg
Baskets Nike Air Jordan Rétro 7,Prix.sur.demande,"Colobane, Dakar, Sénégal",https://images.coinafrique.com/thumb_4977253_uploaded_image1_1728054749.jpg
Baskets Nike Nocta X Hot Setp,Prix.sur.demande,"Colobane, Dakar, Sénégal",https://images.coinafrique.com/thumb_4977249_uploaded_image1_1728054632.jpg
Chaussures hommes,25.000,"Dakar, Sénégal",https://images.coinafrique.com/thumb_4976144_uploaded_image1_1728002664.jpg
Chaussures rasées,20.000,"Dakar Plateau, Dakar, Sénégal",https://images.coinafrique.com/thumb_4974016_uploaded_image1_1727924409.jpg
Chaussures homme,30.000,"Colobane, Dakar, Sénégal",https://images.coinafrique.com/thumb_4973154_uploaded_image1_1727887242.jpg
Chaussures homme,30.000,"Colobane, Dakar, Sénégal",https://images.coinafrique.com/thumb_4971465_uploaded_image1_1727817450.jpg
Chaussures homme,30.000,"Colobane, Dakar, Sénégal",https://images.coinafrique.com/thumb_4971011_uploaded_image1_1727802082.jpg
Chaussures,15.000,"Sicap Liberté, Dakar, Sénégal",https://images.coinafrique.com/thumb_4970176_uploaded_image1_1727781060.jpg
Chaussures,Prix.sur.demande,"Dakar, Sénégal",https://images.coinafrique.com/thumb_4970088_uploaded_image1_1727778322.jpg
Chaussures de sport,12.000,"Dakar, Sénégal",https://images.coinafrique.com/thumb_4969844_uploaded_image1_1727771604.jpg
Mocassins en daim,11.000,"Grand Yoff, Dakar, Sénégal",https://images.coinafrique.com/thumb_4969150_uploaded_image3_1727725266.jpeg
Chaussures homme,25.000,"Mamelles, Dakar, Sénégal",https://images.coinafrique.com/thumb_4922476_uploaded_image1_1725267292.jpg
Chaussures en cuir,18.000,"Grand Yoff, Dakar, Sénégal",https://images.coinafrique.com/thumb_4967207_uploaded_image2_1727622657.jpeg
Sabots en cuir,13.000,"Grand Yoff, Dakar, Sénégal",https://images.coinafrique.com/thumb_4967175_uploaded_image3_1727621292.jpeg
Baskets Nike dunk low,25.000,"Yoff, Dakar, Sénégal",https://images.coinafrique.com/thumb_4965599_uploaded_image1_1727485372.jpg
Baskets Adidas Campus,25.000,"Dakar, Sénégal",https://images.coinafrique.com/thumb_4963799_uploaded_image1_1727380149.jpg
Chaussures Unisexe,14.500,"Dakar, Sénégal",https://images.coinafrique.com/thumb_4962490_uploaded_image1_1727309675.jpg
Baskets Airf orce 1,15.000,"Parcelle Assainies, Dakar, Sénégal",https://images.coinafrique.com/thumb_4961177_uploaded_image1_1727260953.jpg
Baskets homme,20.000,"Parcelle Assainies, Dakar, Sénégal",https://images.coinafrique.com/thumb_4961175_uploaded_image1_1727260886.jpg
Chaussures homme,Prix.sur.demande,"Diamalaye 1, Dakar, Sénégal",https://images.coinafrique.com/thumb_4958311_uploaded_image1_1727115890.jpg
Baskets Feiyue,12.000,"Dakar, Sénégal",https://images.coinafrique.com/thumb_4958017_uploaded_image1_1727105850.jpg
Chaussures en cuir verni,25.000,"Cambérène, Dakar, Sénégal",https://images.coinafrique.com/thumb_4957465_uploaded_image1_1727089891.jpg
Sandales Yeezy,7.000,"Point E, Dakar, Sénégal",https://images.coinafrique.com/thumb_4956296_uploaded_image1_1727018894.jpg
Chaussures  de sécurité,15.000,"Dakar, Sénégal",https://images.coinafrique.com/thumb_4955436_uploaded_image1_1726952475.jpg
Baskets Balenciaga Triple S,15.000,"Fass, Dakar, Sénégal",https://images.coinafrique.com/thumb_4955206_uploaded_image1_1726938483.jpg
Baskets homme,Prix.sur.demande,"Colobane, Dakar, Sénégal",https://images.coinafrique.com/thumb_4955143_uploaded_image1_1726936250.jpg
Baskets homme,Prix.sur.demande,"Colobane, Dakar, Sénégal",https://images.coinafrique.com/thumb_4955135_uploaded_image1_1726935874.jpg
Sneakers Lanvin,35.000,"Grand Dakar, Dakar, Sénégal",https://images.coinafrique.com/thumb_4953912_uploaded_image1_1726854193.jpg
Baskets New Balance 740,35.000,"Grand Dakar, Dakar, Sénégal",https://images.coinafrique.com/thumb_4953900_uploaded_image1_1726853475.jpg
Sandale en cuir,7.000,"Dakar Plateau, Dakar, Sénégal",https://images.coinafrique.com/thumb_4953661_uploaded_image1_1726841902.jpg
Chaussures homme,Prix.sur.demande,"Yoff, Dakar, Sénégal",https://images.coinafrique.com/thumb_4950647_uploaded_image2_1726681768.jpeg
Chaussures homme,Prix.sur.demande,"Yoff, Dakar, Sénégal",https://images.coinafrique.com/thumb_4948575_uploaded_image2_1726585771.jpeg
Chaussures de ville,20.000,"Cambérène, Dakar, Sénégal",https://images.coinafrique.com/thumb_4948339_uploaded_image1_1726577784.jpg
Chaussures homme,13.000,"Dakar Plateau, Dakar, Sénégal",https://images.coinafrique.com/thumb_4935748_uploaded_image1_1725901608.jpg
Chaussures homme,20.000,"Dakar Plateau, Dakar, Sénégal",https://images.coinafrique.com/thumb_4935760_uploaded_image1_1725901770.jpg
Chaussures homme,13.000,"Dakar Plateau, Dakar, Sénégal",https://images.coinafrique.com/thumb_4935757_uploaded_image1_1725901736.jpg
Chaussures homme,20.000,"Dakar Plateau, Dakar, Sénégal",https://images.coinafrique.com/thumb_4946898_uploaded_image1_1726500428.jpg
Chaussures homme,20.000,"Dakar Plateau, Dakar, Sénégal",https://images.coinafrique.com/thumb_4946896_uploaded_image1_1726500354.jpg
Chaussures homme,14.000,"Dakar Plateau, Dakar, Sénégal",https://images.coinafrique.com/thumb_4946887_uploaded_image1_1726500045.jpg
Chaussures homme,20.000,"Dakar Plateau, Dakar, Sénégal",https://images.coinafrique.com/thumb_4946884_uploaded_image1_1726499988.jpg
Chaussures homme,25.000,"Dakar Plateau, Dakar, Sénégal",https://images.coinafrique.com/thumb_4942740_uploaded_image1_1726229116.jpg
Chaussures homme,13.000,"Dakar Plateau, Dakar, Sénégal",https://images.coinafrique.com/thumb_4942712_uploaded_image1_1726228654.jpg
Chaussures homme,25.000,"Dakar Plateau, Dakar, Sénégal",https://images.coinafrique.com/thumb_4942691_uploaded_image1_1726228335.jpg
Chaussures homme,18.000,"Dakar Plateau, Dakar, Sénégal",https://images.coinafrique.com/thumb_4942693_uploaded_image1_1726228400.jpg
Chaussures homme,18.000,"Dakar Plateau, Dakar, Sénégal",https://images.coinafrique.com/thumb_4942702_uploaded_image1_1726228538.jpg
Chaussures homme,18.000,"Dakar Plateau, Dakar, Sénégal",https://images.coinafrique.com/thumb_4942700_uploaded_image1_1726228510.jpg
Chaussures homme,16.000,"Dakar Plateau, Dakar, Sénégal",https://images.coinafrique.com/thumb_4942698_uploaded_image1_1726228468.jpg
Chaussures homme,20.000,"Dakar Plateau, Dakar, Sénégal",https://images.coinafrique.com/thumb_4902274_uploaded_image1_1724109825.jpg
Chaussures homme,Prix.sur.demande,"Dakar Plateau, Dakar, Sénégal",https://images.coinafrique.com/thumb_4924201_uploaded_image1_1725320144.jpg
Chaussures homme,8.000,"Dakar Plateau, Dakar, Sénégal",https://images.coinafrique.com/thumb_4924195_uploaded_image1_1725320053.jpg
Chaussures homme,18.000,"Dakar Plateau, Dakar, Sénégal",https://images.coinafrique.com/thumb_4919080_uploaded_image1_1725059766.jpg
Chaussures cuir,Prix.sur.demande,"Dakar Plateau, Dakar, Sénégal",https://images.coinafrique.com/thumb_4919068_uploaded_image1_1725059365.jpg
Chaussures homme,15.000,"Dakar Plateau, Dakar, Sénégal",https://images.coinafrique.com/thumb_4900569_uploaded_image1_1724018614.jpg
Chaussures homme,13.000,"Dakar Plateau, Dakar, Sénégal",https://images.coinafrique.com/thumb_4914404_uploaded_image1_1724798454.jpg
Chaussures homme,25.000,"Dakar Plateau, Dakar, Sénégal",https://images.coinafrique.com/thumb_4924131_uploaded_image1_1725318173.jpg
Chaussures homme,20.000,"Dakar Plateau, Dakar, Sénégal",https://images.coinafrique.com/thumb_4900556_uploaded_image1_1724017785.jpg
Chaussures homme,20.000,"Dakar Plateau, Dakar, Sénégal",https://images.coinafrique.com/thumb_4924139_uploaded_image1_1725318346.jpg
Chaussures homme,20.000,"Dakar Plateau, Dakar, Sénégal",https://images.coinafrique.com/thumb_4919038_uploaded_image1_1725058210.jpg
Chaussures homme,30.000,"Dakar Plateau, Dakar, Sénégal",https://images.coinafrique.com/thumb_4900548_uploaded_image1_1724017564.jpg
Chaussures homme,20.000,"Dakar Plateau, Dakar, Sénégal",https://images.coinafrique.com/thumb_4924127_uploaded_image1_1725318085.jpg
Chaussure homme,18.000,"Dakar Plateau, Dakar, Sénégal",https://images.coinafrique.com/thumb_4914352_uploaded_image1_1724797434.jpg
Chaussures homme,6.000,"Dakar Plateau, Dakar, Sénégal",https://images.coinafrique.com/thumb_4900522_uploaded_image1_1724016803.jpg
Chaussures homme,13.500,"Dakar Plateau, Dakar, Sénégal",https://images.coinafrique.com/thumb_4934550_uploaded_image1_1725833534.jpg
Chaussures homme,18.000,"Dakar Plateau, Dakar, Sénégal",https://images.coinafrique.com/thumb_4945964_uploaded_image1_1726440018.jpg
Chaussures homme,18.000,"Dakar Plateau, Dakar, Sénégal",https://images.coinafrique.com/thumb_4945956_uploaded_image1_1726439874.jpg
Chaussures homme,13.000,"Dakar Plateau, Dakar, Sénégal",https://images.coinafrique.com/thumb_4931908_uploaded_image1_1725659192.jpg
Chaussures homme,13.000,"Dakar Plateau, Dakar, Sénégal",https://images.coinafrique.com/thumb_4931913_uploaded_image1_1725659297.jpg
Chaussures homme,13.000,"Dakar Plateau, Dakar, Sénégal",https://images.coinafrique.com/thumb_4945936_uploaded_image1_1726439318.jpg
Chaussures homme,18.000,"Dakar Plateau, Dakar, Sénégal",https://images.coinafrique.com/thumb_4945933_uploaded_image1_1726439260.jpg
Chaussures homme,18.000,"Dakar Plateau, Dakar, Sénégal",https://images.coinafrique.com/thumb_4945930_uploaded_image1_1726439207.jpg
Chaussures homme,18.000,"Dakar Plateau, Dakar, Sénégal",https://images.coinafrique.com/thumb_4945921_uploaded_image1_1726438969.jpg
Chaussures homme,16.000,"Dakar Plateau, Dakar, Sénégal",https://images.coinafrique.com/thumb_4945916_uploaded_image1_1726438729.jpg
Chaussures homme,18.000,"Dakar Plateau, Dakar, Sénégal",https://images.coinafrique.com/thumb_4945913_uploaded_image1_1726438681.jpg
Chaussures homme,12.000,"Dakar Plateau, Dakar, Sénégal",https://images.coinafrique.com/thumb_4945910_uploaded_image1_1726438601.jpg
Chaussures homme,15.000,"Dakar Plateau, Dakar, Sénégal",https://images.coinafrique.com/thumb_4908588_uploaded_image1_1724444016.jpg
Chaussures homme,10.000,"Dakar Plateau, Dakar, Sénégal",https://images.coinafrique.com/thumb_4908585_uploaded_image1_1724443967.jpg
Chaussures homme,13.000,"Dakar Plateau, Dakar, Sénégal",https://images.coinafrique.com/thumb_4945888_uploaded_image1_1726437872.jpg
Chaussures homme,20.000,"Dakar Plateau, Dakar, Sénégal",https://images.coinafrique.com/thumb_4908579_uploaded_image1_1724443762.jpg
Chaussures homme,13.000,"Dakar Plateau, Dakar, Sénégal",https://images.coinafrique.com/thumb_4931866_uploaded_image1_1725656778.jpg
Chaussures homme,18.000,"Dakar Plateau, Dakar, Sénégal",https://images.coinafrique.com/thumb_4925737_uploaded_image1_1725390206.jpg
Chaussures homme,13.000,"Dakar Plateau, Dakar, Sénégal",https://images.coinafrique.com/thumb_4925744_uploaded_image1_1725390355.jpg
Chaussures homme,13.000,"Dakar Plateau, Dakar, Sénégal",https://images.coinafrique.com/thumb_4925748_uploaded_image1_1725390435.jpg
Chaussures homme,18.000,"Dakar Plateau, Dakar, Sénégal",https://images.coinafrique.com/thumb_4925732_uploaded_image1_1725390086.jpg
Chaussures homme,20.000,"Dakar Plateau, Dakar, Sénégal",https://images.coinafrique.com/thumb_4929976_uploaded_image1_1725563356.jpg
Chaussures homme,12.000,"Dakar Plateau, Dakar, Sénégal",https://images.coinafrique.com/thumb_4925739_uploaded_image1_1725390250.jpg
Chaussures homme,13.000,"Dakar Plateau, Dakar, Sénégal",https://images.coinafrique.com/thumb_4898166_uploaded_image1_1723851048.jpg
Chaussures homme,10.000,"Dakar Plateau, Dakar, Sénégal",https://images.coinafrique.com/thumb_4898164_uploaded_image1_1723850996.jpg
Chaussures homme,10.000,"Dakar Plateau, Dakar, Sénégal",https://images.coinafrique.com/thumb_4898159_uploaded_image1_1723850845.jpg
Chaussure Homme,Prix.sur.demande,"Sicap Liberté, Dakar, Sénégal",https://images.coinafrique.com/thumb_4942789_uploaded_image1_1726230205.jpg
Chaussures de ville,25.000,"Cambérène, Dakar, Sénégal",https://images.coinafrique.com/thumb_4942622_uploaded_image1_1726226309.jpg
Chaussures homme,16.000,"Dakar Plateau, Dakar, Sénégal",https://images.coinafrique.com/thumb_4894953_uploaded_image1_1723678469.jpg
Chaussures homme,18.000,"Dakar Plateau, Dakar, Sénégal",https://images.coinafrique.com/thumb_4894945_uploaded_image1_1723678253.jpg
Chaussures homme,18.000,"Dakar Plateau, Dakar, Sénégal",https://images.coinafrique.com/thumb_4894941_uploaded_image1_1723678193.jpg
Chaussures homme,13.000,"Dakar Plateau, Dakar, Sénégal",https://images.coinafrique.com/thumb_4894968_uploaded_image1_1723678832.jpg
Chaussures homme,13.000,"Dakar Plateau, Dakar, Sénégal",https://images.coinafrique.com/thumb_4894919_uploaded_image1_1723677594.jpg
Chaussures homme,12.000,"Dakar Plateau, Dakar, Sénégal",https://images.coinafrique.com/thumb_4894921_uploaded_image1_1723677635.jpg
Baskets New Balance,Prix.sur.demande,"Colobane, Dakar, Sénégal",https://images.coinafrique.com/thumb_4941222_uploaded_image1_1726154436.jpg
Baskets New Balance 740,Prix.sur.demande,"Colobane, Dakar, Sénégal",https://images.coinafrique.com/thumb_4941174_uploaded_image1_1726153448.jpg
Baskets Puma,Prix.sur.demande,"Colobane, Dakar, Sénégal",https://images.coinafrique.com/thumb_4941155_uploaded_image1_1726153052.jpg
Chaussures Green Classe sport en Daim avec semelle blanche,25.000,"Cambérène, Dakar, Sénégal",https://images.coinafrique.com/thumb_4940854_uploaded_image1_1726144067.jpg
Chaussures homme,10.000,"Guediawaye, Dakar, Sénégal",https://images.coinafrique.com/thumb_4939943_uploaded_image1_1726092466.jpg
Chaussures homme,13.000,"Dakar Plateau, Dakar, Sénégal",https://images.coinafrique.com/thumb_4892719_uploaded_image1_1723575631.jpg
Chaussures homme,13.000,"Dakar Plateau, Dakar, Sénégal",https://images.coinafrique.com/thumb_4892696_uploaded_image1_1723574812.jpg
Baskets Dior B22,20.000,"Colobane, Dakar, Sénégal",https://images.coinafrique.com/thumb_4938929_uploaded_image1_1726055147.jpg
Baskets Air Force One,15.000,"Colobane, Dakar, Sénégal",https://images.coinafrique.com/thumb_4938922_uploaded_image1_1726054995.jpg
Chaussures Nike Air max,16.000,"Colobane, Dakar, Sénégal",https://images.coinafrique.com/thumb_4938907_uploaded_image1_1726054738.jpg
Chaussures Crocs,10.000,"Parcelle Assainies, Dakar, Sénégal",https://images.coinafrique.com/thumb_4938024_uploaded_image1_1726007755.jpg
Baskets Jordan,11.000,"Dakar, Sénégal",https://images.coinafrique.com/thumb_4937891_uploaded_image1_1726003104.jpg
Chaussure de ville,25.000,"Parcelle Assainies, Dakar, Sénégal",https://images.coinafrique.com/thumb_4937110_uploaded_image1_1725972971.jpg
Baskets Adidas samba,20.000,"Parcelle Assainies, Dakar, Sénégal",https://images.coinafrique.com/thumb_4937100_uploaded_image1_1725972769.jpg
Chaussures homme,11.000,"Dakar Plateau, Dakar, Sénégal",https://images.coinafrique.com/thumb_4888996_uploaded_image1_1723402887.jpg
Chaussures homme,13.000,"Dakar Plateau, Dakar, Sénégal",https://images.coinafrique.com/thumb_4888995_uploaded_image1_1723402803.jpg
Chaussures homme,13.000,"Dakar Plateau, Dakar, Sénégal",https://images.coinafrique.com/thumb_4889039_uploaded_image1_1723403932.jpg
Chaussures homme,15.000,"Dakar Plateau, Dakar, Sénégal",https://images.coinafrique.com/thumb_4889009_uploaded_image1_1723403226.jpg
Baskets New Balance 9060,18.000,"Colobane, Dakar, Sénégal",https://images.coinafrique.com/thumb_4935553_uploaded_image1_1725894003.jpg
Baskets Timberland,19.000,"Ouakam, Dakar, Sénégal",https://images.coinafrique.com/thumb_4933856_uploaded_image1_1725800633.jpg
Sandales homme,20.000,"Dakar Plateau, Dakar, Sénégal",https://images.coinafrique.com/thumb_4932549_uploaded_image1_1725710116.jpg
Chaussures Ogvi,14.500,"Dakar, Sénégal",https://images.coinafrique.com/thumb_4931442_uploaded_image1_1725636345.jpg
Sandales homme,10.000,"Grand Yoff, Dakar, Sénégal",https://images.coinafrique.com/thumb_4931379_uploaded_image1_1725633931.jpg
Baskets Nike TN,25.000,"Dakar Plateau, Dakar, Sénégal",https://images.coinafrique.com/thumb_4930602_uploaded_image1_1725607780.jpg
Baskets Adidas Campus,30.000,"Dakar Plateau, Dakar, Sénégal",https://images.coinafrique.com/thumb_4930599_uploaded_image1_1725607496.jpg
Baskets Adidas Samba,25.000,"Dakar Plateau, Dakar, Sénégal",https://images.coinafrique.com/thumb_4930598_uploaded_image1_1725607260.jpg
Crampon,13.000,"Dakar Plateau, Dakar, Sénégal",https://images.coinafrique.com/thumb_4883277_uploaded_image1_1723073164.jpg
Chaussures homme,18.000,"Dakar Plateau, Dakar, Sénégal",https://images.coinafrique.com/thumb_4883274_uploaded_image1_1723072927.jpg
Chaussures homme,20.000,"Dakar Plateau, Dakar, Sénégal",https://images.coinafrique.com/thumb_4883254_uploaded_image1_1723072236.jpg
Chaussures homme,13.000,"Dakar Plateau, Dakar, Sénégal",https://images.coinafrique.com/thumb_4883268_uploaded_image1_1723072597.jpg
Chaussures homme,15.000,"Sicap Liberté, Dakar, Sénégal",https://images.coinafrique.com/thumb_4928392_uploaded_image1_1725502945.jpg
Chaussures Adidas hommes,25.000,"Dakar, Sénégal",https://images.coinafrique.com/thumb_4928094_uploaded_image1_1725487457.jpg
Chaussures homme,20.000,"Dakar Plateau, Dakar, Sénégal",https://images.coinafrique.com/thumb_4879192_uploaded_image1_1722900023.jpg
Baskets Stan Smith,13.000,"Dakar Plateau, Dakar, Sénégal",https://images.coinafrique.com/thumb_4879178_uploaded_image1_1722899725.jpg
Chaussures homme,13.000,"Dakar Plateau, Dakar, Sénégal",https://images.coinafrique.com/thumb_4879181_uploaded_image1_1722899791.jpg
Chaussures homme,Prix.sur.demande,"Parcelle Assainies, Dakar, Sénégal",https://images.coinafrique.com/thumb_4925891_uploaded_image1_1725395593.jpg
Chaussures homme,18.000,"Parcelle Assainies, Dakar, Sénégal",https://images.coinafrique.com/thumb_4924784_uploaded_image1_1725361199.jpg
Chaussures homme,Prix.sur.demande,"Dakar Plateau, Dakar, Sénégal",https://images.coinafrique.com/thumb_4877353_uploaded_image1_1722812648.jpg
Chaussures homme,13.000,"Dakar Plateau, Dakar, Sénégal",https://images.coinafrique.com/thumb_4877343_uploaded_image1_1722812018.jpg
Chaussures,35.000,"Rufisque, Sénégal",https://images.coinafrique.com/thumb_4921260_uploaded_image2_1725193998.jpeg
Chaussures homme,Prix.sur.demande,"Dakar Plateau, Dakar, Sénégal",https://images.coinafrique.com/thumb_4874419_uploaded_image1_1722642190.jpg
Chaussures homme,13.000,"Dakar Plateau, Dakar, Sénégal",https://images.coinafrique.com/thumb_4874078_uploaded_image1_1722625160.jpg
Chaussures homme,14.000,"Parcelle Assainies, Dakar, Sénégal",https://images.coinafrique.com/thumb_4919295_uploaded_image1_1725091300.jpg
Chaussures homme,13.500,"Dakar Plateau, Dakar, Sénégal",https://images.coinafrique.com/thumb_4872519_uploaded_image1_1722556547.jpg
Mocassin homme,13.000,"Dakar Plateau, Dakar, Sénégal",https://images.coinafrique.com/thumb_4872505_uploaded_image1_1722556069.jpg
Chaussures homme,20.000,"Dakar Plateau, Dakar, Sénégal",https://images.coinafrique.com/thumb_4870360_uploaded_image1_1722468643.jpg
Chaussures homme,10.000,"Mariste, Dakar, Sénégal",https://images.coinafrique.com/thumb_4916143_uploaded_image1_1724891049.jpg
Chaussures homme,30.000,"Dakar Plateau, Dakar, Sénégal",https://images.coinafrique.com/thumb_4866847_uploaded_image1_1722296775.jpg
Chaussures homme,13.000,"Dakar Plateau, Dakar, Sénégal",https://images.coinafrique.com/thumb_4866843_uploaded_image1_1722296546.jpg
Chaussures Stan Smith,13.000,"Dakar Plateau, Dakar, Sénégal",https://images.coinafrique.com/thumb_4866851_uploaded_image1_1722296937.jpg
Chaussures homme,10.000,"Dakar Plateau, Dakar, Sénégal",https://images.coinafrique.com/thumb_4866835_uploaded_image1_1722296196.jpg
Chaussures homme,16.000,"Dakar Plateau, Dakar, Sénégal",https://images.coinafrique.com/thumb_4866837_uploaded_image1_1722296271.jpg
Chaussures homme,13.000,"Dakar Plateau, Dakar, Sénégal",https://images.coinafrique.com/thumb_4866832_uploaded_image1_1722296100.jpg
Chaussures homme,12.000,"Dakar Plateau, Dakar, Sénégal",https://images.coinafrique.com/thumb_4866830_uploaded_image1_1722296058.jpg
Chaussures homme,15.000,"Dakar Plateau, Dakar, Sénégal",https://images.coinafrique.com/thumb_4866821_uploaded_image1_1722295632.jpg
Chaussures homme,15.000,"Dakar Plateau, Dakar, Sénégal",https://images.coinafrique.com/thumb_4866820_uploaded_image1_1722295538.jpg
Sandales Zara,20.000,"Dakar, Sénégal",https://images.coinafrique.com/thumb_4914440_uploaded_image1_1724799584.jpg
Baskets Nike,20.000,"Colobane, Dakar, Sénégal",https://images.coinafrique.com/thumb_4913716_uploaded_image1_1724770394.jpg
Baskets Adidas,25.000,"Colobane, Dakar, Sénégal",https://images.coinafrique.com/thumb_4913707_uploaded_image1_1724770184.jpg
Baskets Jordan B,100.000,"Sicap foire, Dakar, Sénégal",https://images.coinafrique.com/thumb_4911260_uploaded_image1_1724646551.jpg
Chaussures Puma,15.000,"Yoff, Dakar, Sénégal",https://images.coinafrique.com/thumb_4909548_uploaded_image1_1724513157.jpg
Chaussures homme,20.000,"Dakar Plateau, Dakar, Sénégal",https://images.coinafrique.com/thumb_4861270_uploaded_image1_1721950584.jpg
Chaussures homme,13.000,"Dakar Plateau, Dakar, Sénégal",https://images.coinafrique.com/thumb_4861253_uploaded_image1_1721949712.jpg
Chaussures homme,25.000,"Dakar Plateau, Dakar, Sénégal",https://images.coinafrique.com/thumb_4861230_uploaded_image1_1721948970.jpg
Chaussures homme,20.000,"Dakar Plateau, Dakar, Sénégal",https://images.coinafrique.com/thumb_4861245_uploaded_image1_1721949367.jpg
Chaussures homme,1.800,"Dakar Plateau, Dakar, Sénégal",https://images.coinafrique.com/thumb_4861242_uploaded_image1_1721949286.jpg
Chaussures homme,6.000,"Parcelle Assainies, Dakar, Sénégal",https://images.coinafrique.com/thumb_4908748_uploaded_image1_1724453286.jpg
Sandales homme,8.000,"Sicap Liberté, Dakar, Sénégal",https://images.coinafrique.com/thumb_4905286_uploaded_image1_1724274033.jpg
Chaussures homme,13.000,"Dakar Plateau, Dakar, Sénégal",https://images.coinafrique.com/thumb_4856025_uploaded_image1_1721690513.jpg
Chaussures Paybi,17.000,"Guediawaye, Dakar, Sénégal",https://images.coinafrique.com/thumb_4903669_uploaded_image1_1724180918.jpg
Chaussures homme,13.000,"Dakar Plateau, Dakar, Sénégal",https://images.coinafrique.com/thumb_4854330_uploaded_image1_1721605672.jpg
Chaussures homme,10.000,"Dakar Plateau, Dakar, Sénégal",https://images.coinafrique.com/thumb_4854322_uploaded_image1_1721605330.jpg
Baskets Wetike,12.000,"Rufisque, Sénégal",https://images.coinafrique.com/thumb_4901744_uploaded_image1_1724083497.jpg
Chaussures Faschion,13.000,"Rufisque, Sénégal",https://images.coinafrique.com/thumb_4901737_uploaded_image1_1724083293.jpg
Jordan jumpman jack,115.000,"Dakar Plateau, Dakar, Sénégal",https://images.coinafrique.com/thumb_4900111_uploaded_image1_1723994336.jpg
Paire de k-swiss,13.500,"Medina, Dakar, Sénégal",https://images.coinafrique.com/thumb_4900058_uploaded_image1_1723992281.jpg
Tendance,Prix.sur.demande,"Dakar, Sénégal",https://images.coinafrique.com/thumb_4899868_uploaded_image1_1723980106.jpg
Chaussure,Prix.sur.demande,"Dakar, Sénégal",https://images.coinafrique.com/thumb_4899864_uploaded_image1_1723979996.jpg
Sabot medical orthopaedique,7.000,"Colobane, Dakar, Sénégal",https://images.coinafrique.com/thumb_4853142_uploaded_image1_1721511694.jpg
Chaussures homme,25.000,"Dakar Plateau, Dakar, Sénégal",https://images.coinafrique.com/thumb_4849663_uploaded_image1_1721326916.jpg
Chaussures homme,20.000,"Dakar Plateau, Dakar, Sénégal",https://images.coinafrique.com/thumb_4849668_uploaded_image1_1721327011.jpg
Chaussures homme,12.000,"Dakar Plateau, Dakar, Sénégal",https://images.coinafrique.com/thumb_4849653_uploaded_image1_1721326812.jpg
Sandales homme,15.000,"Cambérène, Dakar, Sénégal",https://images.coinafrique.com/thumb_4896669_uploaded_image1_1723768549.jpg
Sandales homme,15.000,"Cambérène, Dakar, Sénégal",https://images.coinafrique.com/thumb_4896667_uploaded_image1_1723768344.jpg
Sandales Zara,12.000,"Parcelle Assainies, Dakar, Sénégal",https://images.coinafrique.com/thumb_4895077_uploaded_image1_1723685561.jpg
Sandales Gucci,16.000,"Dakar, Sénégal",https://images.coinafrique.com/thumb_4891827_uploaded_image1_1723550513.jpg
Sneaker NBA Anthony Edwards,45.000,"Grand Dakar, Dakar, Sénégal",https://images.coinafrique.com/thumb_4889434_uploaded_image1_1723427292.jpg
Nike Nocta,55.000,"Dakar Plateau, Dakar, Sénégal",https://images.coinafrique.com/thumb_4887462_uploaded_image1_1723301394.jpg
Jordane 1 low,40.000,"Dakar Plateau, Dakar, Sénégal",https://images.coinafrique.com/thumb_4887456_uploaded_image1_1723301163.jpg
New Balance,35.000,"Dakar Plateau, Dakar, Sénégal",https://images.coinafrique.com/thumb_4887454_uploaded_image1_1723300969.jpg
Reebook,35.000,"Colobane, Dakar, Sénégal",https://images.coinafrique.com/thumb_4887450_uploaded_image1_1723300738.jpg
Disponible,4.000,"Dakar Plateau, Dakar, Sénégal",https://images.coinafrique.com/thumb_4887209_uploaded_image1_1723292587.jpg
Chaussure,12.000,"Dakar Plateau, Dakar, Sénégal",https://images.coinafrique.com/thumb_4885723_uploaded_image1_1723206978.jpg
Chaussures en cuir,20.000,"Cambérène, Dakar, Sénégal",https://images.coinafrique.com/thumb_4883724_uploaded_image1_1723113543.jpg
Chaussures Adidas campus,Prix.sur.demande,"Dakar, Sénégal",https://images.coinafrique.com/thumb_4883300_uploaded_image1_1723074262.jpg
Chaussures Baskets,Prix.sur.demande,"Dakar, Sénégal",https://images.coinafrique.com/thumb_4883295_uploaded_image2_1723074152.jpeg
Chaussures New Balance GX72 original,Prix.sur.demande,"Grand Yoff, Dakar, Sénégal",https://images.coinafrique.com/thumb_4883198_uploaded_image1_1723070410.jpg
Godasse,35.000,"Colobane, Dakar, Sénégal",https://images.coinafrique.com/thumb_4883126_uploaded_image1_1723067118.jpg
Sandales homme,15.000,"Colobane, Dakar, Sénégal",https://images.coinafrique.com/thumb_4882041_uploaded_image1_1723030520.jpg
Baskets Nike Air Force One,10.000,"Sicap Liberté, Dakar, Sénégal",https://images.coinafrique.com/thumb_4880764_uploaded_image1_1722967763.jpg
Sandales Babouche Crocs,5.000,"Sicap Liberté, Dakar, Sénégal",https://images.coinafrique.com/thumb_4880762_uploaded_image1_1722967578.jpg
Sandales en Cuir,8.000,"Cambérène, Dakar, Sénégal",https://images.coinafrique.com/thumb_4879760_uploaded_image1_1722940284.jpg
New Balance,Prix.sur.demande,"Dakar Plateau, Dakar, Sénégal",https://images.coinafrique.com/thumb_4879353_uploaded_image1_1722912000.jpg
Chaussures orthopédiques,23.000,"Sicap Liberté, Dakar, Sénégal",https://images.coinafrique.com/thumb_4877950_uploaded_image1_1722857851.jpg
Chaussures SB Nike,15.000,"Dakar, Sénégal",https://images.coinafrique.com/thumb_4875947_uploaded_image1_1722725081.jpg
Chaussures homme,15.000,"Medina, Dakar, Sénégal",https://images.coinafrique.com/thumb_4874373_uploaded_image1_1722641400.jpg
Baskets Oggy Tim,13.000,"Medina, Dakar, Sénégal",https://images.coinafrique.com/thumb_4874367_uploaded_image1_1722640786.jpg
Baskets Nike Air Force,15.000,"Dakar, Sénégal",https://images.coinafrique.com/thumb_4874103_uploaded_image1_1722626634.jpg
Baskets Christian Dior,40.000,"Grand Dakar, Dakar, Sénégal",https://images.coinafrique.com/thumb_4874008_uploaded_image1_1722622256.jpg
Baskets Balenciaga Track,45.000,"Grand Dakar, Dakar, Sénégal",https://images.coinafrique.com/thumb_4874006_uploaded_image1_1722622165.jpg
Chaussures ville,20.000,"Cambérène, Dakar, Sénégal",https://images.coinafrique.com/thumb_4873255_uploaded_image1_1722599593.jpg
Baskets New Balance,35.000,"Colobane, Dakar, Sénégal",https://images.coinafrique.com/thumb_4872534_uploaded_image1_1722557219.jpg
Chaussures homme,30.000,"Dakar, Sénégal",https://images.coinafrique.com/thumb_4871475_uploaded_image1_1722519272.jpg
Baskets,30.000,"Dakar, Sénégal",https://images.coinafrique.com/thumb_4871474_uploaded_image1_1722519253.jpg
Chaussures de ville Timberland,Prix.sur.demande,"Diamalaye 1, Dakar, Sénégal",https://images.coinafrique.com/thumb_4871427_uploaded_image1_1722517497.jpg
Chaussures  orthopédiques confortable,15.000,"Cambérène, Dakar, Sénégal",https://images.coinafrique.com/thumb_4870978_uploaded_image1_1722506874.jpg
Chaussures de ville,25.000,"Dakar Plateau, Dakar, Sénégal",https://images.coinafrique.com/thumb_4870670_uploaded_image1_1722495900.jpg
Baskets Nike Kaws,12.000,"Dakar, Sénégal",https://images.coinafrique.com/thumb_4870653_uploaded_image1_1722495375.jpg
Chaussures homme,Prix.sur.demande,"Dakar Plateau, Dakar, Sénégal",https://images.coinafrique.com/thumb_4867622_uploaded_image1_1722345369.jpg
Chaussures All Converse original,23.000,"Dakar, Sénégal",https://images.coinafrique.com/thumb_4864164_uploaded_image1_1722118918.jpg
Chaussures,18.000,"Mbao, Dakar, Sénégal",https://images.coinafrique.com/thumb_4864005_uploaded_image1_1722108986.jpg
Chaussures homme,20.000,"Dakar Plateau, Dakar, Sénégal",https://images.coinafrique.com/thumb_4814504_uploaded_image1_1719531327.jpg
Chaussures homme,20.000,"Dakar Plateau, Dakar, Sénégal",https://images.coinafrique.com/thumb_4814485_uploaded_image1_1719530467.jpg
Mocassins  homme,13.000,"Dakar Plateau, Dakar, Sénégal",https://images.coinafrique.com/thumb_4814488_uploaded_image1_1719530551.jpg
Chaussures homme,20.000,"Dakar Plateau, Dakar, Sénégal",https://images.coinafrique.com/thumb_4814481_uploaded_image1_1719530279.jpg
Chaussures homme,20.000,"Dakar Plateau, Dakar, Sénégal",https://images.coinafrique.com/thumb_4814484_uploaded_image1_1719530392.jpg
Chaussures homme,25.000,"Dakar Plateau, Dakar, Sénégal",https://images.coinafrique.com/thumb_4814472_uploaded_image1_1719530017.jpg
Chaussures homme,13.000,"Dakar Plateau, Dakar, Sénégal",https://images.coinafrique.com/thumb_4814466_uploaded_image1_1719529784.jpg
Chaussures homme,13.000,"Dakar Plateau, Dakar, Sénégal",https://images.coinafrique.com/thumb_4814458_uploaded_image1_1719529604.jpg
Chaussures homme,25.000,"Dakar Plateau, Dakar, Sénégal",https://images.coinafrique.com/thumb_4814469_uploaded_image1_1719529894.jpg
Chaussures homme,18.000,"Dakar Plateau, Dakar, Sénégal",https://images.coinafrique.com/thumb_4814467_uploaded_image1_1719529824.jpg
Wallabess homme,16.000,"Dakar Plateau, Dakar, Sénégal",https://images.coinafrique.com/thumb_4814459_uploaded_image1_1719529655.jpg
Chaussures homme,25.000,"Dakar Plateau, Dakar, Sénégal",https://images.coinafrique.com/thumb_4814461_uploaded_image1_1719529702.jpg
Chaussures homme,13.500,"Dakar Plateau, Dakar, Sénégal",https://images.coinafrique.com/thumb_4812708_uploaded_image1_1719441308.jpg
Chaussures  cuir,12.000,"Cambérène, Dakar, Sénégal",https://images.coinafrique.com/thumb_4860209_uploaded_image1_1721906457.jpg
Sandales Orthopédiques,12.000,"Parcelle Assainies, Dakar, Sénégal",https://images.coinafrique.com/thumb_4859651_uploaded_image1_1721869662.jpg
Chaussures homme,20.000,"Dakar Plateau, Dakar, Sénégal",https://images.coinafrique.com/thumb_4809065_uploaded_image1_1719271791.jpg
Chaussures homme,18.000,"Dakar Plateau, Dakar, Sénégal",https://images.coinafrique.com/thumb_4809069_uploaded_image1_1719271950.jpg
Chaussures homme,20.000,"Dakar Plateau, Dakar, Sénégal",https://images.coinafrique.com/thumb_4809062_uploaded_image1_1719271678.jpg
Chaussures homme,20.000,"Dakar Plateau, Dakar, Sénégal",https://images.coinafrique.com/thumb_4809063_uploaded_image1_1719271741.jpg
Chaussures en daim,20.000,"Dakar Plateau, Dakar, Sénégal",https://images.coinafrique.com/thumb_4809054_uploaded_image1_1719271443.jpg
Chaussures Orthopédiques,17.000,"Yoff, Dakar, Sénégal",https://images.coinafrique.com/thumb_4857646_uploaded_image1_1721768518.jpg
Chaussures homme,9.000,"Dakar Plateau, Dakar, Sénégal",https://images.coinafrique.com/thumb_4807365_uploaded_image1_1719185020.jpg
Chaussures homme,20.000,"Dakar Plateau, Dakar, Sénégal",https://images.coinafrique.com/thumb_4807374_uploaded_image1_1719185323.jpg
Chaussures homme,20.000,"Dakar Plateau, Dakar, Sénégal",https://images.coinafrique.com/thumb_4807368_uploaded_image1_1719185063.jpg
Chaussures homme,16.000,"Dakar Plateau, Dakar, Sénégal",https://images.coinafrique.com/thumb_4807364_uploaded_image1_1719184985.jpg
Chaussures homme,20.000,"Dakar Plateau, Dakar, Sénégal",https://images.coinafrique.com/thumb_4807392_uploaded_image1_1719187020.jpg
Chaussures homme,13.000,"Dakar Plateau, Dakar, Sénégal",https://images.coinafrique.com/thumb_4807394_uploaded_image1_1719187059.jpg
Chaussures homme,13.000,"Dakar Plateau, Dakar, Sénégal",https://images.coinafrique.com/thumb_4807395_uploaded_image1_1719187119.jpg
Chaussures homme,13.000,"Dakar Plateau, Dakar, Sénégal",https://images.coinafrique.com/thumb_4807385_uploaded_image1_1719186728.jpg
Chaussures homme,13.000,"Dakar Plateau, Dakar, Sénégal",https://images.coinafrique.com/thumb_4807387_uploaded_image1_1719186785.jpg
Chaussures homme,20.000,"Dakar Plateau, Dakar, Sénégal",https://images.coinafrique.com/thumb_4807388_uploaded_image1_1719186818.jpg
Chaussures homme,20.000,"Dakar Plateau, Dakar, Sénégal",https://images.coinafrique.com/thumb_4807389_uploaded_image1_1719186873.jpg
Chaussures  en cuir,20.000,"Dakar Plateau, Dakar, Sénégal",https://images.coinafrique.com/thumb_4807391_uploaded_image1_1719186931.jpg
Chaussures Air Force 1,15.000,"Parcelle Assainies, Dakar, Sénégal",https://images.coinafrique.com/thumb_4856564_uploaded_image1_1721729956.jpg
Chaussures de ville,25.000,"Parcelle Assainies, Dakar, Sénégal",https://images.coinafrique.com/thumb_4856558_uploaded_image1_1721729891.jpg
Chaussures Adidas,30.000,"Ouest Foire, Dakar, Sénégal",https://images.coinafrique.com/thumb_4856004_uploaded_image1_1721689214.jpg
Chaussures Nike Sixe 40 41 42 43 44 45,17.000,"Dakar, Sénégal",https://images.coinafrique.com/thumb_4855430_uploaded_image1_1721662465.jpg
Chaussures  homme,7.300,"Dakar, Sénégal",https://images.coinafrique.com/thumb_4855197_uploaded_image1_1721655145.jpg
Chaussures cuir,7.500,"Dakar, Sénégal",https://images.coinafrique.com/thumb_4855187_uploaded_image1_1721654881.jpg
Sandale Orthopédique,15.000,"Cambérène, Dakar, Sénégal",https://images.coinafrique.com/thumb_4854494_uploaded_image1_1721623720.jpg
Chaussures homme,20.000,"Dakar Plateau, Dakar, Sénégal",https://images.coinafrique.com/thumb_4804849_uploaded_image1_1719007525.jpg
Chaussures homme,25.000,"Dakar Plateau, Dakar, Sénégal",https://images.coinafrique.com/thumb_4804843_uploaded_image1_1719007230.jpg
Chaussures homme,13.000,"Dakar Plateau, Dakar, Sénégal",https://images.coinafrique.com/thumb_4804837_uploaded_image1_1719007070.jpg
Chaussures  homme,9.000,"Dakar Plateau, Dakar, Sénégal",https://images.coinafrique.com/thumb_4804841_uploaded_image1_1719007141.jpg
Crocs homme,15.000,"Dakar, Sénégal",https://images.coinafrique.com/thumb_4853336_uploaded_image1_1721528494.jpg
Baskets homme,3.500,"Fann, Dakar, Sénégal",https://images.coinafrique.com/thumb_4852898_uploaded_image1_1721497358.jpg
"Baskets homme et femme,",300,"Fann, Dakar, Sénégal",https://images.coinafrique.com/thumb_4852890_uploaded_image1_1721497183.jpg
Chaussures homme,30.000,"Ouest Foire, Dakar, Sénégal",https://images.coinafrique.com/thumb_4852556_uploaded_image1_1721485420.jpg
Chaussures homme,25.000,"Dakar, Sénégal",https://images.coinafrique.com/thumb_4851563_uploaded_image1_1721419286.jpg
Sandales homme,8.000,"Colobane, Dakar, Sénégal",https://images.coinafrique.com/thumb_4851391_uploaded_image1_1721411737.jpg
Crocs homme,10.000,"Parcelle Assainies, Dakar, Sénégal",https://images.coinafrique.com/thumb_4847360_uploaded_image1_1721217902.jpg
Baskets Air Force 1,15.000,"Parcelle Assainies, Dakar, Sénégal",https://images.coinafrique.com/thumb_4847357_uploaded_image1_1721217800.jpg
Chaussures Balenciaga,20.000,"Parcelle Assainies, Dakar, Sénégal",https://images.coinafrique.com/thumb_4847356_uploaded_image1_1721217746.jpg
Chaussures Marakech,5.000,"Dakar, Sénégal",https://images.coinafrique.com/thumb_4845656_uploaded_image1_1721133120.jpg
Baskets Nike Dunk Low Ucla,20.000,"Parcelle Assainies, Dakar, Sénégal",https://images.coinafrique.com/thumb_4844092_uploaded_image1_1721055195.jpg
Chaussures Travis scott,29.000,"Dakar, Sénégal",https://images.coinafrique.com/thumb_4840020_uploaded_image1_1720792855.jpg
Adidas,Prix.sur.demande,"Colobane, Dakar, Sénégal",https://images.coinafrique.com/thumb_4839293_uploaded_image1_1720767417.jpg
Chaussures homme,Prix.sur.demande,"Colobane, Dakar, Sénégal",https://images.coinafrique.com/thumb_4839283_uploaded_image1_1720767204.jpg
Chaussures Adidas A1,Prix.sur.demande,"Colobane, Dakar, Sénégal",https://images.coinafrique.com/thumb_4839274_uploaded_image1_1720766904.jpg
Chaussures homme,35.000,"Ouest Foire, Dakar, Sénégal",https://images.coinafrique.com/thumb_4836420_uploaded_image1_1720626949.jpg
Nocta Hot step 2,Prix.sur.demande,"Colobane, Dakar, Sénégal",https://images.coinafrique.com/thumb_4834432_uploaded_image1_1720535149.jpg
Chaussures homme,Prix.sur.demande,"Yoff, Dakar, Sénégal",https://images.coinafrique.com/thumb_4792026_uploaded_image1_1718190886.jpg
Chaussures homme,7.500,"Dakar, Sénégal",https://images.coinafrique.com/thumb_4794902_uploaded_image1_1718331133.jpg
Babouches  homme,5.000,"Mbao, Dakar, Sénégal",https://images.coinafrique.com/thumb_4833343_uploaded_image2_1720484903.jpeg
Chaussures homme,5.000,"Mbao, Dakar, Sénégal",https://images.coinafrique.com/thumb_4833341_uploaded_image1_1720484788.jpg
Nul pied homme,6.000,"Mbao, Dakar, Sénégal",https://images.coinafrique.com/thumb_4833339_uploaded_image1_1720484667.jpg
Chaussures homme,4.000,"Mbao, Dakar, Sénégal",https://images.coinafrique.com/thumb_4833336_uploaded_image1_1720484464.jpg
Chaussures homme,9.000,"Mbao, Dakar, Sénégal",https://images.coinafrique.com/thumb_4833330_uploaded_image1_1720483927.jpg
Babouches,12.000,"Dakar, Sénégal",https://images.coinafrique.com/thumb_4794658_uploaded_image1_1718312219.jpg
Babouches homme,12.000,"Dakar, Sénégal",https://images.coinafrique.com/thumb_4794649_uploaded_image1_1718311659.jpg
Babouches homme,12.000,"Dakar, Sénégal",https://images.coinafrique.com/thumb_4794651_uploaded_image1_1718311761.jpg
Chaussures Adidas,Prix.sur.demande,"Diamalaye 1, Dakar, Sénégal",https://images.coinafrique.com/thumb_4832196_uploaded_image1_1720441457.jpg
Chaussures Timberland,Prix.sur.demande,"Diamalaye 1, Dakar, Sénégal",https://images.coinafrique.com/thumb_4832190_uploaded_image1_1720441343.jpg
Chaussures homme,Prix.sur.demande,"Dakar, Sénégal",https://images.coinafrique.com/thumb_4830990_uploaded_image1_1720375081.jpg
Chaussures homme,20.000,"Dakar, Sénégal",https://images.coinafrique.com/thumb_4830864_uploaded_image1_1720368319.jpg
Chaussures de marques,20.000,"Dakar, Sénégal",https://images.coinafrique.com/thumb_4830845_uploaded_image1_1720367259.jpg
Baskets Dior homme,20.000,"Dakar, Sénégal",https://images.coinafrique.com/thumb_4830837_uploaded_image1_1720366960.jpg
Mocassins homme,20.000,"Dakar Plateau, Dakar, Sénégal",https://images.coinafrique.com/thumb_4827692_uploaded_image1_1720187683.jpg
Chaussures Mark,20.000,"Colobane, Dakar, Sénégal",https://images.coinafrique.com/thumb_4784748_uploaded_image1_1717770958.jpg
Crocs homme,7.000,"Dakar, Sénégal",https://images.coinafrique.com/thumb_4823955_uploaded_image1_1720017128.jpg
Baskets New Balance,24.000,"Dakar, Sénégal",https://images.coinafrique.com/thumb_4823828_uploaded_image1_1720013678.jpg
Chaussures Massimo Dutti,23.000,"Dakar, Sénégal",https://images.coinafrique.com/thumb_4823820_uploaded_image1_1720013554.jpg
Chaussures Air Force One,14.900,"Dakar, Sénégal",https://images.coinafrique.com/thumb_4823818_uploaded_image1_1720013470.jpg
Sandales originales,12.000,"Dakar, Sénégal",https://images.coinafrique.com/thumb_4823815_uploaded_image1_1720013383.jpg
Chuassures class,22.000,"Point E, Dakar, Sénégal",https://images.coinafrique.com/thumb_4823496_uploaded_image1_1720004953.jpg
Chaussures Balenciaga,125.000,"Sicap Liberté, Dakar, Sénégal",https://images.coinafrique.com/thumb_4822752_uploaded_image1_1719965254.jpg
Pantoufles,3.500,"Thies, Sénégal",https://images.coinafrique.com/thumb_4822571_uploaded_image1_1719957283.jpg
Baskets New Balance,30.000,"Colobane, Dakar, Sénégal",https://images.coinafrique.com/thumb_4820648_uploaded_image1_1719878081.jpg
Chaussures Nike Air force 1 one,10.000,"Sicap Liberté, Dakar, Sénégal",https://images.coinafrique.com/thumb_4818550_uploaded_image1_1719786868.jpg
Chaussures Puma,20.000,"Colobane, Dakar, Sénégal",https://images.coinafrique.com/thumb_4818340_uploaded_image1_1719776186.jpg
Chaussures homme,20.000,"Dakar Plateau, Dakar, Sénégal",https://images.coinafrique.com/thumb_4773188_uploaded_image1_1717198170.jpg
Chaussures Wallabees,16.000,"Dakar Plateau, Dakar, Sénégal",https://images.coinafrique.com/thumb_4773175_uploaded_image1_1717197574.jpg
Chaussures homme,20.000,"Dakar Plateau, Dakar, Sénégal",https://images.coinafrique.com/thumb_4773166_uploaded_image1_1717197329.jpg
Chaussures,25.000,"Dakar Plateau, Dakar, Sénégal",https://images.coinafrique.com/thumb_4777884_uploaded_image1_1717456776.jpg
Chaussures homme,13.000,"Dakar Plateau, Dakar, Sénégal",https://images.coinafrique.com/thumb_4786880_uploaded_image1_1717890310.jpg
Chaussures homme,13.000,"Dakar Plateau, Dakar, Sénégal",https://images.coinafrique.com/thumb_4773152_uploaded_image1_1717196666.jpg
Chaussures homme,Prix.sur.demande,"Dakar Plateau, Dakar, Sénégal",https://images.coinafrique.com/thumb_4777880_uploaded_image1_1717456644.jpg
Chaussures Wallabees,16.000,"Dakar Plateau, Dakar, Sénégal",https://images.coinafrique.com/thumb_4773150_uploaded_image1_1717196617.jpg
Chaussures homme,20.000,"Dakar Plateau, Dakar, Sénégal",https://images.coinafrique.com/thumb_4777877_uploaded_image1_1717456407.jpg
Chaussures homme,15.000,"Dakar Plateau, Dakar, Sénégal",https://images.coinafrique.com/thumb_4786874_uploaded_image1_1717889971.jpg
Chaussures homme,20.000,"Dakar Plateau, Dakar, Sénégal",https://images.coinafrique.com/thumb_4791461_uploaded_image1_1718150073.jpg
Chaussures homme,13.000,"Dakar Plateau, Dakar, Sénégal",https://images.coinafrique.com/thumb_4791459_uploaded_image1_1718150019.jpg
Chaussures homme,13.000,"Dakar Plateau, Dakar, Sénégal",https://images.coinafrique.com/thumb_4783599_uploaded_image1_1717715956.jpg
Babouches marocaine,12.000,"Dakar Plateau, Dakar, Sénégal",https://images.coinafrique.com/thumb_4783580_uploaded_image1_1717715359.jpg
Chaussures homme,16.000,"Dakar Plateau, Dakar, Sénégal",https://images.coinafrique.com/thumb_4783571_uploaded_image1_1717714850.jpg
Chaussures homme,16.000,"Dakar Plateau, Dakar, Sénégal",https://images.coinafrique.com/thumb_4794837_uploaded_image1_1718321548.jpg
Chaussures homme,13.500,"Dakar Plateau, Dakar, Sénégal",https://images.coinafrique.com/thumb_4794833_uploaded_image1_1718321412.jpg
Chaussures homme,16.000,"Dakar Plateau, Dakar, Sénégal",https://images.coinafrique.com/thumb_4794826_uploaded_image1_1718321168.jpg
Chaussures homme,20.000,"Dakar Plateau, Dakar, Sénégal",https://images.coinafrique.com/thumb_4794819_uploaded_image1_1718320937.jpg
Chaussures homme,20.000,"Dakar Plateau, Dakar, Sénégal",https://images.coinafrique.com/thumb_4794817_uploaded_image1_1718320858.jpg
Chaussures homme,13.500,"Dakar Plateau, Dakar, Sénégal",https://images.coinafrique.com/thumb_4791416_uploaded_image1_1718147759.jpg
Chaussures en cuir,20.000,"Dakar Plateau, Dakar, Sénégal",https://images.coinafrique.com/thumb_4794809_uploaded_image1_1718320351.jpg
Chaussures homme,15.000,"Dakar Plateau, Dakar, Sénégal",https://images.coinafrique.com/thumb_4794810_uploaded_image1_1718320406.jpg
Chaussures Adidas,15.000,"Dakar Plateau, Dakar, Sénégal",https://images.coinafrique.com/thumb_4787712_uploaded_image1_1717958573.jpg
Chaussures marocain,12.000,"Dakar Plateau, Dakar, Sénégal",https://images.coinafrique.com/thumb_4787707_uploaded_image1_1717958267.jpg
Babouches homme,12.000,"Dakar Plateau, Dakar, Sénégal",https://images.coinafrique.com/thumb_4787705_uploaded_image1_1717958093.jpg
Chaussures homme,15.000,"Dakar Plateau, Dakar, Sénégal",https://images.coinafrique.com/thumb_4787653_uploaded_image1_1717956627.jpg
Chaussures homme,15.000,"Dakar Plateau, Dakar, Sénégal",https://images.coinafrique.com/thumb_4787635_uploaded_image1_1717956078.jpg
Chaussures homme,12.000,"Colobane, Dakar, Sénégal",https://images.coinafrique.com/thumb_4811537_uploaded_image1_1719398354.jpg
Chaussures homme,25.000,"Dakar Plateau, Dakar, Sénégal",https://images.coinafrique.com/thumb_4765535_uploaded_image1_1716853094.jpg
Chaussures Berluti OG  et Timberland OG,22.000,"Dakar, Sénégal",https://images.coinafrique.com/thumb_4810889_uploaded_image1_1719363126.jpg
Chaussures Adidas,23.000,"Dakar, Sénégal",https://images.coinafrique.com/thumb_4810887_uploaded_image1_1719363018.jpg
Chaussures homme,Prix.sur.demande,"Sicap Liberté, Dakar, Sénégal",https://images.coinafrique.com/thumb_4809819_uploaded_image1_1719317288.jpg
Chaussures homme,40.000,"Ouakam, Dakar, Sénégal",https://images.coinafrique.com/thumb_4808863_uploaded_image1_1719262369.jpg
Chaussures homme,Prix.sur.demande,"Colobane, Dakar, Sénégal",https://images.coinafrique.com/thumb_4807512_uploaded_image1_1719212281.jpg
Chaussures homme,Prix.sur.demande,"Colobane, Dakar, Sénégal",https://images.coinafrique.com/thumb_4763201_uploaded_image1_1716743524.jpg
Chaussures,7.000,"Dakar Plateau, Dakar, Sénégal",https://images.coinafrique.com/thumb_4805651_uploaded_image1_1719063522.jpg
Baskets  Wallabess,16.000,"Dakar Plateau, Dakar, Sénégal",https://images.coinafrique.com/thumb_4758976_uploaded_image1_1716490846.jpg
Chaussures homme,18.000,"Dakar Plateau, Dakar, Sénégal",https://images.coinafrique.com/thumb_4758986_uploaded_image1_1716491059.jpg
Chaussures homme,13.000,"Dakar Plateau, Dakar, Sénégal",https://images.coinafrique.com/thumb_4758987_uploaded_image1_1716491130.jpg
Chaussures hommes,13.000,"Dakar Plateau, Dakar, Sénégal",https://images.coinafrique.com/thumb_4758099_uploaded_image1_1716465448.jpg
Chaussures Wallabess,16.000,"Dakar Plateau, Dakar, Sénégal",https://images.coinafrique.com/thumb_4758103_uploaded_image1_1716465563.jpg
Chaussures  cuir,18.000,"Dakar Plateau, Dakar, Sénégal",https://images.coinafrique.com/thumb_4758097_uploaded_image1_1716465363.jpg
Chaussures  homme,Prix.sur.demande,"Parcelle Assainies, Dakar, Sénégal",https://images.coinafrique.com/thumb_4764173_uploaded_image1_1716803142.41.jpeg
Chaussures  homme,12.000,"Parcelle Assainies, Dakar, Sénégal",https://images.coinafrique.com/thumb_4764171_uploaded_image1_1716803045.29.jpeg
Chaussures  homme,12.000,"Parcelle Assainies, Dakar, Sénégal",https://images.coinafrique.com/thumb_4764167_uploaded_image1_1716802935.37.jpeg
Baskets Nocta Hot Step 2,Prix.sur.demande,"Colobane, Dakar, Sénégal",https://images.coinafrique.com/thumb_4802591_uploaded_image1_1718885783.jpg
Chaussures Air force 1,12.000,"Colobane, Dakar, Sénégal",https://images.coinafrique.com/thumb_4800953_uploaded_image1_1718793957.jpg
Chaussures Wallabees,16.000,"Dakar Plateau, Dakar, Sénégal",https://images.coinafrique.com/thumb_4752604_uploaded_image1_1716192858.jpg
Chaussures homme,20.000,"Dakar Plateau, Dakar, Sénégal",https://images.coinafrique.com/thumb_4752570_uploaded_image1_1716191809.jpg
Chaussures Wallabees,16.000,"Dakar Plateau, Dakar, Sénégal",https://images.coinafrique.com/thumb_4752579_uploaded_image1_1716192077.jpg
Chaussures homme,25.000,"Dakar Plateau, Dakar, Sénégal",https://images.coinafrique.com/thumb_4752567_uploaded_image1_1716191754.jpg
Tapettes   homme,12.000,"Parcelle Assainies, Dakar, Sénégal",https://images.coinafrique.com/thumb_4758313_uploaded_image1_1716471347.23.jpeg
Chaussures  homme,12.000,"Parcelle Assainies, Dakar, Sénégal",https://images.coinafrique.com/thumb_4758290_uploaded_image1_1716470506.4.jpeg
Chaussures  homme,12.000,"Parcelle Assainies, Dakar, Sénégal",https://images.coinafrique.com/thumb_4758284_uploaded_image1_1716470352.58.jpeg
Chaussures homme,12.000,"Parcelle Assainies, Dakar, Sénégal",https://images.coinafrique.com/thumb_4758276_uploaded_image1_1716470236.26.jpeg
Mocassins homme,15.000,"Colobane, Dakar, Sénégal",https://images.coinafrique.com/thumb_4797442_uploaded_image1_1718537766.jpg
Chaussures homme,16.000,"Dakar Plateau, Dakar, Sénégal",https://images.coinafrique.com/thumb_4749589_uploaded_image1_1715984584.jpg
Chaussures homme,10.000,"Hann Bel-Air, Dakar, Sénégal",https://images.coinafrique.com/thumb_4796829_uploaded_image1_1718468698.jpg
Babouches,10.000,"Dakar, Sénégal",https://images.coinafrique.com/thumb_4796717_uploaded_image1_1718462652.jpg
Chaussures en cuir Lacoste,17.000,"Dakar, Sénégal",https://images.coinafrique.com/thumb_4795174_uploaded_image1_1718358622.jpg
Chaussures homme,19.000,"Guediawaye, Dakar, Sénégal",https://images.coinafrique.com/thumb_4795095_uploaded_image1_1718354941.jpg
Chaussures homme,20.000,"Guediawaye, Dakar, Sénégal",https://images.coinafrique.com/thumb_4795093_uploaded_image1_1718354832.jpg
Chaussures homme,17.000,"Guediawaye, Dakar, Sénégal",https://images.coinafrique.com/thumb_4795078_uploaded_image1_1718354466.jpg
Chaussures orthopédique en cuir,Prix.sur.demande,"Guediawaye, Dakar, Sénégal",https://images.coinafrique.com/thumb_4794855_uploaded_image1_1718323598.jpg
Chaussures homme,25.000,"Dakar Plateau, Dakar, Sénégal",https://images.coinafrique.com/thumb_4745469_uploaded_image1_1715792685.jpg
Babouches homme,10.000,"Dakar, Sénégal",https://images.coinafrique.com/thumb_4794171_uploaded_image1_1718289849.jpg
Chaussures Timberland,18.000,"Dakar, Sénégal",https://images.coinafrique.com/thumb_4793763_uploaded_image1_1718277991.jpg
Baskets Off white office,18.000,"Dakar, Sénégal",https://images.coinafrique.com/thumb_4793755_uploaded_image1_1718277831.jpg
Chaussures de ville,20.000,"Colobane, Dakar, Sénégal",https://images.coinafrique.com/thumb_4793610_uploaded_image1_1718273441.jpg
Sandales homme,6.000,"Colobane, Dakar, Sénégal",https://images.coinafrique.com/thumb_4793606_uploaded_image1_1718273230.jpg
Sandales homme,6.000,"Colobane, Dakar, Sénégal",https://images.coinafrique.com/thumb_4793599_uploaded_image1_1718273055.jpg
Chaussures homme,20.000,"Dakar, Sénégal",https://images.coinafrique.com/thumb_4793537_uploaded_image1_1718271447.jpg
Chaussures Nike air Max TM,Prix.sur.demande,"Colobane, Dakar, Sénégal",https://images.coinafrique.com/thumb_4792399_uploaded_image1_1718202325.jpg
Mbarakis marocaines,10.000,"Thies, Sénégal",https://images.coinafrique.com/thumb_4791974_uploaded_image1_1718189435.jpg
Chaussures homme,13.500,"Dakar Plateau, Dakar, Sénégal",https://images.coinafrique.com/thumb_4741886_uploaded_image1_1715634827.jpg
Chaussures homme,13.000,"Dakar Plateau, Dakar, Sénégal",https://images.coinafrique.com/thumb_4741893_uploaded_image1_1715635193.jpg
Baskets Nike Travis Scott 2024,Prix.sur.demande,"Colobane, Dakar, Sénégal",https://images.coinafrique.com/thumb_4790760_uploaded_image1_1718121586.jpg
Baskets Nocta hot step 2 2024,Prix.sur.demande,"Colobane, Dakar, Sénégal",https://images.coinafrique.com/thumb_4790737_uploaded_image1_1718121147.jpg
Baskets Nike Air Max DN,Prix.sur.demande,"Colobane, Dakar, Sénégal",https://images.coinafrique.com/thumb_4790725_uploaded_image1_1718120922.jpg
Babouches marocain,10.000,"Dieuppeul-Derklé, Dakar, Sénégal",https://images.coinafrique.com/thumb_4787832_uploaded_image1_1717966010.jpg
Chaussures homme,20.000,"Colobane, Dakar, Sénégal",https://images.coinafrique.com/thumb_4741646_uploaded_image1_1715624730.jpg
Chaussures homme,8.000,"Colobane, Dakar, Sénégal",https://images.coinafrique.com/thumb_4741537_uploaded_image1_1715619488.jpg
Sandales orthopédique,12.000,"Keur Massar, Sénégal",https://images.coinafrique.com/thumb_4787396_uploaded_image1_1717942845.jpg
Chaussures orthopédiques,12.000,"Keur Massar, Sénégal",https://images.coinafrique.com/thumb_4787391_uploaded_image1_1717942666.jpg
Chaussures Vans,25.000,"Hann Bel-Air, Dakar, Sénégal",https://images.coinafrique.com/thumb_4786918_uploaded_image1_1717896377.jpg
Chaussures,19.000,"Dakar Plateau, Dakar, Sénégal",https://images.coinafrique.com/thumb_4786544_uploaded_image1_1717866246.jpg
Chaussures,20.000,"Dakar Plateau, Dakar, Sénégal",https://images.coinafrique.com/thumb_4786541_uploaded_image1_1717866111.jpg
Chaussures Temberland,35.000,"Dakar Plateau, Dakar, Sénégal",https://images.coinafrique.com/thumb_4786536_uploaded_image1_1717865997.jpg
Chaussures hommes,Prix.sur.demande,"Yoff, Dakar, Sénégal",https://images.coinafrique.com/thumb_4786127_uploaded_image1_1717845738.jpg
Chaussures Wallabess,16.000,"Dakar Plateau, Dakar, Sénégal",https://images.coinafrique.com/thumb_4735545_uploaded_image1_1715294451.jpg
Chaussures homme,13.000,"Dakar Plateau, Dakar, Sénégal",https://images.coinafrique.com/thumb_4735524_uploaded_image1_1715293886.jpg
Chaussures homme,20.000,"Dakar, Sénégal",https://images.coinafrique.com/thumb_4785108_uploaded_image1_1717785645.jpg
Sandales Prada,17.000,"Colobane, Dakar, Sénégal",https://images.coinafrique.com/thumb_4784803_uploaded_image1_1717772968.jpg
Chaussures homme,Prix.sur.demande,"Diamalaye 1, Dakar, Sénégal",https://images.coinafrique.com/thumb_4783660_uploaded_image1_1717720616.jpg
Babouches homme,123,"Dakar Plateau, Dakar, Sénégal",https://images.coinafrique.com/thumb_4783530_uploaded_image1_1717713559.jpg
Chaussures homme,Prix.sur.demande,"Diamalaye 1, Dakar, Sénégal",https://images.coinafrique.com/thumb_4783288_uploaded_image1_1717701554.jpg
Chaussures homme,Prix.sur.demande,"Diamalaye 1, Dakar, Sénégal",https://images.coinafrique.com/thumb_4783261_uploaded_image1_1717700416.jpg
Chaussures homme,20.000,"Medina, Dakar, Sénégal",https://images.coinafrique.com/thumb_4782385_uploaded_image1_1717668252.jpg
Baskets Jordan 5,55.000,"Sicap Liberté, Dakar, Sénégal",https://images.coinafrique.com/thumb_4781999_uploaded_image1_1717640663.jpg
Mocassins homme,20.000,"Dakar Plateau, Dakar, Sénégal",https://images.coinafrique.com/thumb_4781987_uploaded_image2_1717637179.jpeg
Sandales hommes,20.000,"Dakar Plateau, Dakar, Sénégal",https://images.coinafrique.com/thumb_4781983_uploaded_image1_1717636841.jpg
Chaussures hommes,Prix.sur.demande,"Diamalaye 1, Dakar, Sénégal",https://images.coinafrique.com/thumb_4781479_uploaded_image1_1717609712.jpg
Chaussures homme,16.000,"Dakar Plateau, Dakar, Sénégal",https://images.coinafrique.com/thumb_4729785_uploaded_image1_1715038803.jpg
Chaussures homme,18.000,"Dakar Plateau, Dakar, Sénégal",https://images.coinafrique.com/thumb_4729759_uploaded_image1_1715037871.jpg
Chaussures homme,18.000,"Dakar Plateau, Dakar, Sénégal",https://images.coinafrique.com/thumb_4729763_uploaded_image1_1715037943.jpg
Baskets Dior homme,Prix.sur.demande,"Mermoz-Sacré Coeur, Dakar, Sénégal",https://images.coinafrique.com/thumb_4779998_uploaded_image1_1717548690.jpg
Sandales Hermès,Prix.sur.demande,"Mermoz-Sacré Coeur, Dakar, Sénégal",https://images.coinafrique.com/thumb_4779990_uploaded_image1_1717547960.jpg
chaussures de ville,25.000,"Colobane, Dakar, Sénégal",https://images.coinafrique.com/thumb_4779103_uploaded_image1_1717510161.jpg
Souliers,19.500,"Sicap Liberté, Dakar, Sénégal",https://images.coinafrique.com/thumb_4776102_uploaded_image1_1717386563.jpg
Chaussures friperie,Prix.sur.demande,"Dakar, Sénégal",https://images.coinafrique.com/thumb_4775763_uploaded_image1_1717361809.jpg
Chaussures friperie,Prix.sur.demande,"Dakar, Sénégal",https://images.coinafrique.com/thumb_4775761_uploaded_image1_1717361697.jpg
Sandales,12.000,"Fann, Dakar, Sénégal",https://images.coinafrique.com/thumb_4775289_uploaded_image1_1717338322.jpg
Chaussures homme,16.000,"Dakar Plateau, Dakar, Sénégal",https://images.coinafrique.com/thumb_4724889_uploaded_image1_1714782393.jpg
Chaussures homme,16.000,"Dakar Plateau, Dakar, Sénégal",https://images.coinafrique.com/thumb_4724890_uploaded_image1_1714782459.jpg
Chaussures homme,20.000,"Dakar Plateau, Dakar, Sénégal",https://images.coinafrique.com/thumb_4724883_uploaded_image1_1714782168.jpg
Tapettes Adidas,4.000,"Dakar Plateau, Dakar, Sénégal",https://images.coinafrique.com/thumb_4774429_uploaded_image1_1717266943.jpg
Chaussures Nike airforce,14.000,"Dakar Plateau, Dakar, Sénégal",https://images.coinafrique.com/thumb_4774426_uploaded_image1_1717266824.jpg
